1	577	Liverpool Walton	Steve Rotheram	62,868	61.1	13.0	81.9	3.5	0.0	1.3	0.0	0.0	0.3	LAB	LAB
2	576	Knowsley	George Howarth	79,109	64.1	14.4	79.3	3.6	1.3	1.3	0.0	0.0	0.0	LAB	LAB
3	575	Liverpool West Derby	Stephen Twigg	63,875	64.2	14.4	76.6	3.2	0.0	1.3	0.0	0.0	4.5	LAB	LAB
4	574	East Ham	Stephen Timms	87,378	59.8	16.4	75.6	3.8	1.6	1.4	0.0	0.0	1.3	LAB	LAB
5	573	Bootle	Peter Dowd	70,137	64.4	17.6	76.4	3.2	0.0	1.7	0.0	0.0	1.1	LAB	LAB
6	572	Birmingham Ladywood	Shabana Mahmood	68,128	52.7	16.7	74.6	5.9	0.0	2.4	0.0	0.0	0.4	LAB	LAB
7	571	Liverpool Wavertree	Luciana Berger	61,731	66.4	18.0	72.0	6.0	0.0	2.7	0.0	0.0	1.2	LAB	LAB
8	570	Liverpool Riverside	Louise Ellman	70,950	62.4	17.4	71.0	4.2	0.0	6.3	0.0	0.0	1.2	LAB	LAB
9	569	Manchester Gorton	Sir Gerald Kaufman	72,959	57.6	18.2	70.7	4.4	0.8	5.1	0.0	0.0	1.0	LAB	LAB
10	568	Tottenham	David Lammy	70,809	60.1	16.3	67.8	6.0	0.7	5.2	0.0	3.1	0.8	LAB	LAB
11	567	Birmingham Hodge Hill	Liam Byrne	75,302	54.5	18.8	69.8	7.1	2.9	1.2	0.0	0.0	0.3	LAB	LAB
12	566	Garston and Halewood	Maria Eagle	74,063	66.1	21.4	71.5	5.3	0.0	1.8	0.0	0.0	0.0	LAB	LAB
13	565	Walthamstow	Stella Creasy	67,289	62.1	19.1	69.0	6.7	0.0	3.6	0.0	0.0	1.6	LAB	LAB
14	564	Hackney South and Shoreditch	Meg Hillier	79,962	59.5	17.7	66.4	7.1	0.0	6.5	0.0	0.0	2.3	LAB	LAB
15	563	Blaenau Gwent	Nick Smith	51,332	61.7	17.1	64.5	2.5	6.2	0.0	9.7	0.0	0.0	LAB	LAB
16	562	West Ham	Lyn Brown	90,634	58.2	20.9	67.5	5.1	2.6	2.8	0.0	0.0	1.0	LAB	LAB
17	561	Camberwell and Peckham	Harriet Harman	80,507	64.0	18.4	64.9	7.0	0.0	5.7	0.0	0.0	4.0	LAB	LAB
18	560	Hackney North and Stoke Newington	Diane Abbott	83,195	60.0	18.8	64.9	7.3	0.0	8.2	0.0	0.0	0.8	LAB	LAB
19	559	Birkenhead	Frank Field	62,438	62.7	24.0	69.3	4.5	0.0	2.2	0.0	0.0	0.0	LAB	LAB
20	558	Merthyr Tydfil and Rhymney	Gerald Jones	61,719	53.0	17.0	62.1	4.1	7.1	0.0	9.1	0.6	0.0	LAB	LAB
21	557	Manchester Central	Lucy Powell	86,078	52.7	21.8	65.5	4.2	2.7	4.4	0.0	0.0	1.4	LAB	LAB
22	556	Lewisham Deptford	Vicky Foxcroft	73,426	64.6	19.7	62.5	7.7	0.0	7.1	0.0	0.0	3.0	LAB	LAB
23	555	Bethnal Green and Bow	Rushanara Ali	82,825	63.9	19.9	62.7	6.8	1.6	5.2	0.0	0.0	3.8	LAB	LAB
24	554	Easington	Grahame Morris	61,675	56.1	21.7	63.6	2.5	8.7	1.0	0.0	2.3	0.1	LAB	LAB
25	553	Islington North	Jeremy Corbyn	73,325	67.1	20.7	62.4	10.1	0.7	5.8	0.0	0.0	0.3	LAB	LAB
26	552	Sheffield Brightside and Hillsborough	Harry Harpham	73,090	54.8	20.7	62.4	4.1	10.0	2.2	0.0	0.0	0.6	LAB	LAB
27	551	Sheffield Central	Paul Blomfield	77,014	57.4	20.1	61.8	9.1	0.4	8.2	0.0	0.0	0.4	LAB	LAB
28	550	Manchester Withington	Jeff Smith	74,102	67.4	17.7	58.9	19.0	0.0	4.2	0.0	0.0	0.1	LAB	LAB
29	549	Hornsey and Wood Green	Catherine West	79,241	72.9	13.2	53.9	29.2	0.2	3.1	0.0	0.0	0.5	LAB	LAB
30	548	Blackley and Broughton	Graham Stringer	71,900	51.6	24.0	64.5	2.9	6.4	2.2	0.0	0.0	0.0	LAB	LAB
31	547	Birmingham Hall Green	Roger Godsiff	76,330	61.6	22.2	62.3	11.6	0.0	2.7	0.0	0.0	1.2	LAB	LAB
32	546	Ealing Southall	Virendra Sharma	65,495	66.1	25.0	63.9	6.0	1.3	2.6	0.0	0.0	1.1	LAB	LAB
33	545	Halton	Derek Twigg	72,818	61.8	26.4	65.2	3.8	4.0	0.0	0.0	0.0	0.7	LAB	LAB
34	544	Swansea East	Carolyn Harris	58,011	58.0	20.8	58.9	3.9	5.8	0.0	10.6	0.0	0.0	LAB	LAB
35	543	Ogmore	Huw Irranca-Davies	55,320	63.7	21.9	59.7	3.7	4.5	0.0	10.2	0.0	0.0	LAB	LAB
36	542	Brent Central	Dawn Butler	77,038	61.1	24.3	61.8	9.2	1.1	2.3	0.0	0.0	1.2	LAB	LAB
37	541	Rhondda	Chris Bryant	51,809	60.9	18.5	55.9	2.5	2.8	0.0	20.3	0.0	0.0	LAB	LAB
38	540	St Helens South and Whiston	Marie Rimmer	77,720	62.3	25.8	62.9	5.0	3.9	2.4	0.0	0.0	0.0	LAB	LAB
39	539	Gateshead	Ian Mearns	63,910	59.4	24.0	60.7	5.3	7.9	2.0	0.0	0.0	0.0	LAB	LAB
40	538	Barnsley Central	Dan Jarvis	64,534	56.7	24.0	60.5	2.4	9.7	1.3	0.0	1.6	0.6	LAB	LAB
41	537	Islwyn	Christopher Evans	55,075	64.3	21.3	57.6	2.9	7.4	0.0	10.7	0.0	0.0	LAB	LAB
42	536	Croydon North	Steve Reed	85,951	62.3	26.3	62.3	6.1	1.6	2.7	0.0	0.0	1.1	LAB	LAB
43	535	Leeds Central	Hilary Benn	81,799	55.1	25.7	61.2	4.0	4.7	4.1	0.0	0.0	0.3	LAB	LAB
44	534	Aberavon	Stephen Kinnock	49,821	63.3	22.2	57.6	4.3	4.9	0.0	9.5	1.5	0.0	LAB	LAB
45	533	Rotherham	Sarah Champion	63,698	59.4	21.5	56.7	3.2	17.7	0.0	0.0	0.0	0.9	LAB	LAB
46	532	Leicester South	Jonathan Ashworth	73,518	62.5	27.6	62.5	6.3	0.0	3.1	0.0	0.0	0.5	LAB	LAB
47	531	Barnsley East	Michael Dugher	69,135	55.7	24.3	59.0	3.0	11.0	0.0	0.0	1.7	1.0	LAB	LAB
48	530	Cynon Valley	Ann Clwyd	51,421	59.3	22.0	55.7	3.3	5.4	0.0	13.6	0.0	0.0	LAB	LAB
49	529	Barking	Margaret Hodge	74,004	58.1	22.7	56.4	5.2	13.8	1.2	0.0	0.0	0.6	LAB	LAB
50	528	Ilford South	Mike Gapes	95,023	54.6	29.2	62.7	4.7	1.7	1.6	0.0	0.0	0.1	LAB	LAB
51	527	Jarrow	Stephen Hepburn	63,882	60.4	26.1	59.5	3.2	9.2	1.7	0.0	0.0	0.3	LAB	LAB
52	526	Middlesbrough	Andy McDonald	61,868	52.9	26.5	59.5	3.2	8.7	2.1	0.0	0.0	0.0	LAB	LAB
53	525	Leicester East	Keith Vaz	75,430	63.7	30.0	62.9	4.6	0.0	1.7	0.0	0.0	0.8	LAB	LAB
54	524	Hull North	Diana Johnson	63,650	55.5	25.3	58.1	7.5	5.5	3.1	0.0	0.0	0.4	LAB	LAB
55	523	Warley	John Spellar	63,740	59.3	27.4	60.0	3.6	6.8	2.3	0.0	0.0	0.0	LAB	LAB
56	522	Mitcham and Morden	Siobhain McDonagh	68,474	65.9	27.8	60.0	6.2	3.6	1.8	0.0	0.0	0.6	LAB	LAB
57	521	Wallasey	Angela Eagle	65,495	66.2	30.1	62.2	3.7	2.4	1.6	0.0	0.0	0.0	LAB	LAB
58	520	Tyneside North	Mary Glindon	79,286	59.0	28.1	60.1	4.3	5.7	1.5	0.0	0.0	0.4	LAB	LAB
59	519	Leyton and Wanstead	John Cryer	64,746	62.9	27.5	59.1	8.4	0.0	4.1	0.0	0.0	0.9	LAB	LAB
60	518	Sheffield South East	Clive Betts	70,422	59.2	26.0	57.6	5.9	9.8	0.0	0.0	0.0	0.7	LAB	LAB
61	517	Newcastle upon Tyne Central	Chi Onwurah	61,061	57.5	27.2	58.7	5.8	5.9	2.4	0.0	0.0	0.0	LAB	LAB
62	516	Edmonton	Kate Osamor	66,015	62.6	28.6	60.1	5.3	3.2	1.9	0.0	0.0	1.0	LAB	LAB
63	515	Houghton and Sunderland South	Bridget Phillipson	68,316	56.3	27.0	58.3	2.6	10.7	1.4	0.0	0.0	0.0	LAB	LAB
64	514	Dulwich and West Norwood	Helen Hayes	75,244	68.3	25.6	56.7	11.4	0.0	5.3	0.0	0.0	1.0	LAB	LAB
65	513	Wentworth and Dearne	John Healey	74,283	58.1	32.0	62.9	4.2	0.0	0.0	0.0	0.0	0.9	LAB	LAB
66	512	Doncaster North	Ed Miliband	70,898	55.7	26.9	57.5	3.5	10.4	0.0	0.0	1.1	0.5	LAB	LAB
67	511	Normanton, Pontefract and Castleford	Yvette Cooper	82,592	55.6	28.6	59.1	3.5	8.8	0.0	0.0	0.0	0.0	LAB	LAB
68	510	Caerphilly	Wayne David	62,793	64.2	23.0	53.4	2.5	7.1	0.9	13.1	0.0	0.0	LAB	LAB
69	509	Poplar and Limehouse	Jim Fitzpatrick	82,076	62.2	28.5	58.9	6.9	2.0	2.7	0.0	0.0	1.0	LAB	LAB
70	508	Washington and Sunderland West	Sharon Hodgson	68,188	54.6	27.9	58.3	2.8	9.2	1.5	0.0	0.0	0.3	LAB	LAB
71	507	St Helens North	Conor McGinn	75,262	61.5	29.5	59.7	4.2	4.6	2.0	0.0	0.0	0.0	LAB	LAB
72	506	Hull East	Karl Turner	65,606	53.6	26.5	56.3	5.3	10.3	1.2	0.0	0.0	0.5	LAB	LAB
73	505	Leeds East	Richard Burgon	64,754	59.0	28.5	58.3	4.1	7.6	1.5	0.0	0.0	0.0	LAB	LAB
74	504	Durham North	Kevan Jones	65,373	61.4	29.2	58.9	5.8	6.1	0.0	0.0	0.0	0.0	LAB	LAB
75	503	Oxford East	Andrew Smith	78,974	64.2	25.9	55.5	11.8	0.0	5.8	0.0	0.0	1.0	LAB	LAB
76	502	Nottingham East	Christopher Leslie	60,464	58.2	28.3	57.9	5.6	2.4	5.5	0.0	0.0	0.4	LAB	LAB
77	501	Sheffield Heeley	Louise Haigh	69,265	60.7	25.5	55.1	9.4	6.3	3.2	0.0	0.0	0.4	LAB	LAB
78	500	Lewisham East	Heidi Alexander	73,428	58.5	26.7	56.2	8.5	3.6	3.2	0.0	0.0	1.7	LAB	LAB
79	499	Bradford East	Imran Hussain	66,123	62.6	21.4	50.9	24.7	1.6	1.1	0.0	0.0	0.2	LAB	LAB
80	498	Holborn and St Pancras	Keir Starmer	86,864	63.2	26.1	55.6	9.1	0.9	7.2	0.0	0.0	1.1	LAB	LAB
81	497	Oldham West and Royton	Michael Meacher	72,341	59.6	28.7	57.8	3.4	9.0	1.0	0.0	0.0	0.0	LAB	LAB
82	496	South Shields	Emma Lewell-Buck	62,730	57.8	25.8	54.9	1.8	11.4	2.2	0.0	3.9	0.0	LAB	LAB
83	495	Birmingham Perry Barr	Khalid Mahmood	69,943	59.0	31.0	60.0	6.4	0.0	1.9	0.0	0.0	0.7	LAB	LAB
84	494	Preston	Mark Hendrick	59,981	55.8	29.7	58.3	3.9	5.6	2.6	0.0	0.0	0.0	LAB	LAB
85	493	Neath	Christina Rees	56,099	66.2	23.7	52.0	3.7	5.3	0.0	15.3	0.0	0.0	LAB	LAB
86	492	Bermondsey and Old Southwark	Neil Coyle	80,604	63.8	17.5	45.7	31.8	2.2	2.2	0.0	0.0	0.7	LAB	LAB
87	491	Bradford West	Naseem Shah	63,371	63.6	23.1	51.1	2.7	0.4	1.4	0.0	21.0	0.2	LAB	LAB
88	490	Streatham	Chuka Umunna	78,673	63.5	27.5	55.4	10.8	0.4	5.0	0.0	0.0	0.9	LAB	LAB
89	489	Newcastle upon Tyne East	Nick Brown	74,112	52.9	27.8	55.5	8.3	3.8	4.3	0.0	0.0	0.3	LAB	LAB
90	488	Hull West and Hessle	Alan Johnson	59,008	53.9	27.2	54.4	8.0	8.6	1.6	0.0	0.0	0.2	LAB	LAB
91	487	Nottingham North	Graham Allen	65,918	53.6	29.4	56.6	3.5	8.5	1.7	0.0	0.0	0.3	LAB	LAB
92	486	Islington South and Finsbury	Emily Thornberry	68,127	65.0	26.1	53.0	12.7	3.1	4.3	0.0	0.0	0.8	LAB	LAB
93	485	Cardiff Central	Jo Stevens	57,454	67.3	21.3	48.1	23.5	0.3	2.6	4.2	0.0	0.0	LAB	LAB
94	484	Hayes and Harlington	John McDonnell	74,875	60.2	31.0	57.6	5.3	5.0	1.0	0.0	0.0	0.1	LAB	LAB
95	483	Blaydon	David Anderson	67,706	66.4	28.0	54.7	8.3	7.2	1.8	0.0	0.0	0.0	LAB	LAB
96	482	Leeds West	Rachel Reeves	64,950	59.2	28.6	55.1	4.3	7.2	4.4	0.0	0.0	0.5	LAB	LAB
97	481	Vauxhall	Kate Hoey	81,698	58.7	29.3	55.6	9.1	0.0	4.3	0.0	0.0	1.6	LAB	LAB
98	480	Hemsworth	Jon Trickett	72,714	58.3	31.1	56.3	3.6	7.9	0.0	0.0	0.0	1.0	LAB	LAB
99	479	Llanelli	Nia Griffith	59,314	65.0	24.9	49.8	2.4	4.9	0.0	18.0	0.0	0.0	LAB	LAB
100	478	Leigh	Andrew Burnham	75,974	59.4	31.7	56.5	2.8	8.0	0.0	0.0	0.0	1.1	LAB	LAB
101	477	Torfaen	Nick Thomas-Symonds	61,896	61.3	28.4	53.2	3.4	6.6	0.0	7.6	0.8	0.0	LAB	LAB
102	476	Pontypridd	Owen Smith	58,929	64.3	25.2	49.9	10.9	3.5	0.0	10.5	0.0	0.0	LAB	LAB
103	475	Wigan	Lisa Nandy	76,068	59.5	31.0	55.4	2.5	7.8	1.5	0.0	0.0	1.8	LAB	LAB
104	474	Wansbeck	Ian Lavery	63,273	60.9	30.1	54.3	5.5	8.2	1.9	0.0	0.0	0.0	LAB	LAB
105	473	Rochdale	Simon Danczuk	79,170	57.4	27.9	51.7	8.0	7.7	0.0	0.0	3.4	1.4	LAB	LAB
106	472	Chesterfield	Toby Perkins	72,078	63.2	28.2	51.7	11.5	6.5	1.7	0.0	0.0	0.4	LAB	LAB
107	471	Salford and Eccles	Rebecca Long-Bailey	74,290	58.2	30.3	53.6	3.3	7.2	2.7	0.0	0.0	2.9	LAB	LAB
108	470	Lewisham West and Penge	Jim Dowd	72,289	66.6	28.9	52.2	10.0	2.8	4.8	0.0	0.0	1.4	LAB	LAB
109	469	Wolverhampton South East	Pat McFadden	62,561	55.6	31.4	54.5	3.3	9.8	1.0	0.0	0.0	0.0	LAB	LAB
110	468	Bolton South East	Yasmin Qureshi	69,692	58.5	30.4	53.5	2.7	11.9	1.5	0.0	0.0	0.0	LAB	LAB
111	467	Coventry North East	Colleen Fletcher	76,401	55.3	31.7	54.5	5.4	5.1	1.7	0.0	0.0	1.6	LAB	LAB
112	466	Sunderland Central	Julie Elliott	72,933	57.3	31.8	54.4	3.1	8.5	2.0	0.0	0.0	0.2	LAB	LAB
113	465	Bristol West	Thangam Debbonaire	89,198	72.0	22.4	44.3	17.2	0.0	15.7	0.0	0.0	0.5	LAB	LAB
114	464	Sheffield Hallam	Nick Clegg	73,658	75.3	18.2	40.0	39.5	0.3	1.6	0.0	0.0	0.4	LIB	LAB
115	463	Durham, City of	Roberta Blackman-Woods	68,741	66.4	32.0	53.3	8.8	2.3	2.9	0.0	0.0	0.6	LAB	LAB
116	462	Cardiff South and Penarth	Stephen Doughty	75,714	61.6	30.5	51.4	5.6	3.3	1.5	7.6	0.0	0.0	LAB	LAB
117	461	Stretford and Urmston	Kate Green	69,490	66.8	35.1	56.1	4.0	1.8	2.5	0.0	0.0	0.5	LAB	LAB
118	460	Denton and Reddish	Andrew Gwynne	66,574	58.1	33.1	53.9	2.8	7.7	2.0	0.0	0.0	0.5	LAB	LAB
119	459	Ealing North	Stephen Pound	73,836	65.7	33.9	54.6	6.1	3.0	1.9	0.0	0.0	0.5	LAB	LAB
120	458	Stockport	Ann Coffey	63,931	62.0	32.7	53.3	7.1	4.1	2.3	0.0	0.0	0.4	LAB	LAB
121	457	Blackburn	Kate Hollern	73,265	60.1	37.8	58.4	3.7	0.0	0.0	0.0	0.0	0.0	LAB	LAB
122	456	Swansea West	Geraint Davies	58,776	59.8	31.1	51.6	8.9	0.0	2.1	6.4	0.0	0.0	LAB	LAB
123	455	Sefton Central	Bill Esterson	67,746	72.4	36.3	56.9	5.5	0.0	1.3	0.0	0.0	0.0	LAB	LAB
124	454	Ashton under Lyne	Angela Rayner	67,714	57.5	32.4	52.8	2.5	10.2	2.1	0.0	0.0	0.0	LAB	LAB
125	453	Greenwich and Woolwich	Matthew Pennycook	73,315	63.7	33.2	53.4	8.7	0.0	3.6	0.0	0.0	1.1	LAB	LAB
126	452	Wythenshawe and Sale East	Mike Kane	75,980	56.9	33.7	53.7	4.8	4.9	2.0	0.0	0.0	1.1	LAB	LAB
127	451	Bolsover	Dennis Skinner	71,976	61.1	33.2	53.0	4.0	9.8	0.0	0.0	0.0	0.0	LAB	LAB
128	450	Birmingham Yardley	Jess Phillips	72,146	57.0	26.0	45.4	20.3	6.6	1.0	0.0	0.0	0.7	LAB	LAB
129	449	Redcar	Anna Turley	64,825	63.1	30.6	49.7	11.4	7.9	0.0	0.0	0.0	0.4	LAB	LAB
130	448	Newcastle upon Tyne North	Catherine McKinnell	67,267	66.7	32.5	51.6	7.6	6.4	1.7	0.0	0.0	0.3	LAB	LAB
131	447	Cardiff West	Kevin Brennan	66,758	65.6	30.2	48.9	6.4	1.9	0.0	12.6	0.0	0.0	LAB	LAB
132	446	Durham North West	Pat Glass	69,817	61.3	32.9	51.6	6.9	6.8	1.8	0.0	0.0	0.0	LAB	LAB
133	445	Makerfield	Yvonne Fovargue	74,370	60.2	38.4	56.8	4.8	0.0	0.0	0.0	0.0	0.0	LAB	LAB
134	444	Cambridge	Daniel Zeichner	83,384	62.1	22.3	40.4	32.7	0.0	4.1	0.0	0.0	0.5	LAB	LAB
135	443	Rother Valley	Kevin Barron	74,275	63.3	31.0	48.9	4.9	14.9	0.0	0.0	0.0	0.3	LAB	LAB
136	442	Bristol South	Karin Smyth	81,996	62.0	30.0	47.5	9.4	7.2	5.3	0.0	0.0	0.6	LAB	LAB
137	441	Newport East	Jessica Morden	56,018	62.7	31.8	49.1	6.1	6.5	0.0	6.5	0.0	0.0	LAB	LAB
138	440	Heywood and Middleton	Liz McInnes	79,989	60.7	30.1	47.2	3.7	18.9	0.0	0.0	0.0	0.0	LAB	LAB
139	439	Doncaster Central	Rosie Winterton	71,136	56.8	38.2	55.3	5.2	0.0	0.0	0.0	0.0	1.4	LAB	LAB
140	438	Brent North	Barry Gardiner	82,196	63.5	37.1	53.8	7.0	0.0	1.7	0.0	0.0	0.5	LAB	LAB
141	437	Leicester West	Elizabeth Kendall	63,204	54.6	33.6	49.8	5.3	7.8	3.0	0.0	0.0	0.5	LAB	LAB
142	436	Feltham and Heston	Seema Malhotra	82,328	60.0	35.2	51.3	6.3	5.5	1.6	0.0	0.0	0.1	LAB	LAB
143	435	Derby South	Margaret Beckett	70,247	58.1	35.6	51.2	5.2	5.8	1.6	0.0	0.0	0.5	LAB	LAB
144	434	Erith and Thamesmead	Teresa Pearce	69,787	61.1	33.3	48.7	5.9	9.7	1.2	0.0	0.0	1.2	LAB	LAB
145	433	Stockton North	Alex Cunningham	66,126	59.8	36.6	51.8	2.8	8.4	0.0	0.0	0.0	0.5	LAB	LAB
146	432	West Bromwich West	Adrian Bailey	65,533	53.4	33.3	48.5	2.7	14.4	1.2	0.0	0.0	0.0	LAB	LAB
147	431	Luton North	Kelvin Hopkins	66,533	64.0	38.9	53.8	5.8	0.0	1.2	0.0	0.0	0.3	LAB	LAB
148	430	York Central	Rachael Maskell	75,351	63.3	36.4	51.3	11.3	0.0	0.0	0.0	0.0	1.0	LAB	LAB
149	429	Leeds North East	Fabian Hamilton	69,097	69.9	37.5	52.1	7.2	0.0	2.7	0.0	0.0	0.4	LAB	LAB
149	428	Paisley and Renfrewshire South	Mhairi Black	61,281	75.4	19.7	33.8	2.3	0.0	0.0	43.4	0.0	0.8	NAT	NAT
150	428	Bradford South	Judith Cummins	63,670	59.1	34.3	48.4	3.5	12.0	1.7	0.0	0.0	0.0	LAB	LAB
151	427	Huddersfield	Barry Sheerman	65,265	62.0	37.5	51.6	6.8	0.0	3.6	0.0	0.0	0.6	LAB	LAB
152	426	Slough	Fiona Mactaggart	86,366	55.9	37.8	51.6	6.0	4.4	0.0	0.0	0.0	0.2	LAB	LAB
153	425	Warrington North	Helen Jones	72,632	62.5	37.4	50.8	4.2	6.2	1.5	0.0	0.0	0.0	LAB	LAB
153	424	Arfon	Hywel Williams	40,492	66.3	22.8	36.1	4.8	0.0	0.0	36.4	0.0	0.0	NAT	NAT
154	424	Alyn and Deeside	Mark Tami	62,016	66.6	34.7	47.9	4.6	5.6	0.0	7.1	0.0	0.0	LAB	LAB
155	423	Birmingham Selly Oak	Stephen McCabe	75,092	60.3	38.4	51.5	7.1	0.0	3.0	0.0	0.0	0.0	LAB	LAB
156	422	Newport West	Paul Flynn	62,145	64.9	35.3	48.4	4.5	4.3	1.3	6.2	0.0	0.0	LAB	LAB
157	421	Exeter	Ben Bradshaw	76,964	70.2	38.1	51.0	7.5	0.0	3.0	0.0	0.0	0.5	LAB	LAB
158	420	Sedgefield	Phil Wilson	62,860	61.6	37.5	50.4	3.9	6.6	1.6	0.0	0.0	0.0	LAB	LAB
159	419	Burnley	Julie Cooper	64,486	61.6	29.0	41.9	21.4	6.7	1.1	0.0	0.0	0.0	LAB	LAB
160	418	Penistone and Stocksbridge	Angela Smith	71,048	65.9	35.0	47.7	6.4	10.5	0.0	0.0	0.0	0.5	LAB	LAB
161	417	Tynemouth	Alan Campbell	77,523	69.0	39.8	52.5	4.2	1.6	1.9	0.0	0.0	0.0	LAB	LAB
162	416	Blyth Valley	Ronnie Campbell	63,958	60.1	39.8	52.5	5.9	0.0	1.9	0.0	0.0	0.0	LAB	LAB
163	415	Leeds North West	Greg Mulholland	61,974	70.0	23.7	36.3	36.2	0.0	3.6	0.0	0.0	0.3	LIB	LAB
163	414	Glasgow North East	Anne McLaughlin	66,678	56.8	16.8	29.3	2.1	0.0	0.0	50.3	0.6	0.9	NAT	NAT
164	414	Hammersmith	Andy Slaughter	72,254	66.4	38.2	50.6	7.3	1.2	2.5	0.0	0.0	0.2	LAB	LAB
165	413	Nottingham South	Lilian Greenwood	68,987	63.0	38.3	50.5	5.2	2.7	3.0	0.0	0.0	0.3	LAB	LAB
166	412	Norwich South	Clive Lewis	74,875	64.7	33.7	45.0	13.4	0.0	7.3	0.0	0.0	0.6	LAB	LAB
167	411	West Bromwich East	Tom Watson	63,641	58.9	41.9	53.1	4.0	0.0	1.0	0.0	0.0	0.0	LAB	LAB
168	410	Don Valley	Caroline Flint	71,299	59.6	41.7	52.4	4.7	0.0	0.0	0.0	0.0	1.2	LAB	LAB
169	409	Ashfield	Gloria de Piero	77,126	61.5	33.5	44.2	11.9	10.2	0.0	0.0	0.0	0.2	LAB	LAB
169	408	Glasgow South West	Christopher Stephens	66,209	61.8	17.7	28.3	2.2	1.7	0.0	49.5	0.0	0.7	NAT	NAT
169	408	Rutherglen and Hamilton West	Margaret Ferrier	82,701	69.7	20.1	30.5	2.2	1.6	0.0	44.9	0.0	0.8	NAT	NAT
170	408	Lancashire West	Rosie Cooper	70,945	70.0	42.0	52.2	3.7	0.0	1.7	0.0	0.0	0.4	LAB	LAB
170	407	Coatbridge, Chryston and Bellshill	Philip Boswell	73,813	68.7	19.8	29.3	1.9	0.0	0.0	48.7	0.0	0.3	NAT	NAT
170	407	Glasgow Central	Alison Thewliss	70,945	55.4	20.0	29.4	3.2	0.0	0.0	46.1	0.0	1.3	NAT	NAT
170	407	Glasgow East	Natalie McGarry	70,378	60.3	18.5	27.7	2.0	1.8	0.0	49.1	0.0	0.7	NAT	NAT
171	407	Great Grimsby	Melanie Onn	58,484	57.7	36.1	45.0	5.2	12.9	0.0	0.0	0.0	0.8	LAB	LAB
172	406	Bridgend	Madeleine Moon	59,998	65.8	36.5	45.4	5.1	4.2	0.0	7.9	0.8	0.0	LAB	LAB
173	405	Walsall South	Valerie Vaz	67,743	61.8	40.7	49.4	4.2	5.8	0.0	0.0	0.0	0.0	LAB	LAB
174	404	Wolverhampton North East	Emma Reynolds	61,073	55.7	38.7	47.4	3.8	9.0	1.2	0.0	0.0	0.0	LAB	LAB
175	403	Clwyd South	Susan Elan Jones	54,996	63.8	35.7	44.3	4.6	4.6	0.0	10.9	0.0	0.0	LAB	LAB
176	402	Delyn	David Hanson	53,639	69.8	39.5	48.1	4.8	0.0	0.0	7.6	0.0	0.0	LAB	LAB
177	401	Ellesmere Port and Neston	Justin Madders	68,134	68.6	41.7	50.1	4.2	2.4	1.1	0.0	0.0	0.4	LAB	LAB
178	400	Stoke-on-Trent Central	Tristram Hunt	62,250	49.9	33.0	41.5	3.8	12.1	2.1	0.0	6.8	0.6	LAB	LAB
179	399	Luton South	Gavin Shuker	67,234	62.8	37.7	45.8	8.4	4.0	1.5	0.0	0.0	2.6	LAB	LAB
179	398	Airdrie and Shotts	Neil Gray	66,715	66.4	21.5	29.5	2.2	0.0	0.0	46.2	0.0	0.6	NAT	NAT
180	398	Bristol East	Kerry McCarthy	71,965	64.2	39.6	47.4	8.4	0.0	3.8	0.0	0.0	0.9	LAB	LAB
181	397	Dagenham and Rainham	Jon Cruddas	69,049	62.3	32.1	39.9	5.4	20.5	1.1	0.0	0.0	1.0	LAB	LAB
182	396	Bassetlaw	John Mann	77,480	63.6	43.7	51.5	4.8	0.0	0.0	0.0	0.0	0.0	LAB	LAB
183	395	Ynys Mon	Albert Owen	49,944	69.9	30.5	38.1	3.3	4.4	0.0	23.7	0.0	0.0	LAB	LAB
184	394	Oldham East and Saddleworth	Debbie Abrahams	72,005	61.8	36.9	44.5	10.4	8.1	0.0	0.0	0.0	0.0	LAB	LAB
184	393	Dunbartonshire West	Martin Docherty	69,193	73.9	19.1	26.7	2.0	0.0	0.0	51.0	0.0	1.2	NAT	NAT
185	393	Hartlepool	Iain Wright	69,516	56.8	32.8	40.3	2.0	16.4	0.0	0.0	7.5	1.1	LAB	LAB
186	392	Batley and Spen	Jo Cox	78,373	64.4	42.7	49.8	5.8	0.0	1.3	0.0	0.0	0.4	LAB	LAB
187	391	Wirral South	Alison McGovern	56,956	73.5	43.5	50.4	5.0	0.0	1.1	0.0	0.0	0.0	LAB	LAB
187	390	Motherwell and Wishaw	Marion Fellows	70,269	68.6	20.3	27.1	2.0	1.8	0.0	48.7	0.0	0.2	NAT	NAT
188	390	Workington	Sue Hayman	58,672	65.6	39.7	46.4	4.9	8.4	0.0	0.0	0.0	0.6	LAB	LAB
188	389	Kirkcaldy and Cowdenbeath	Roger Mullin	75,941	69.6	22.3	28.6	2.4	1.7	0.0	44.8	0.0	0.2	NAT	NAT
188	389	Glenrothes	Peter Grant	69,781	68.2	19.9	25.9	2.2	0.0	0.0	51.8	0.0	0.2	NAT	NAT
189	389	Bury South	Ivan Lewis	73,883	63.9	42.5	48.6	5.0	3.4	0.0	0.0	0.0	0.5	LAB	LAB
190	388	Tooting	Sadiq Khan	76,778	69.7	42.4	48.3	6.6	0.3	2.3	0.0	0.0	0.1	LAB	LAB
190	387	Glasgow North West	Carol Monaghan	68,418	64.1	21.0	26.9	3.3	0.0	0.0	47.7	0.0	1.1	NAT	NAT
190	387	Cumbernauld, Kilsyth and Kirkintilloch East	Stuart McDonald	67,009	73.7	19.6	25.4	2.2	0.8	0.0	51.9	0.0	0.2	NAT	NAT
191	387	Southampton Test	Alan Whitehead	70,285	62.1	41.2	46.9	8.7	0.0	0.0	0.0	0.0	3.3	LAB	LAB
192	386	Coventry North West	Geoffrey Robinson	74,597	60.7	39.4	44.8	4.9	5.7	2.5	0.0	0.0	2.8	LAB	LAB
193	385	Edinburgh South	Ian Murray	65,846	74.9	30.1	35.4	4.4	0.0	0.0	29.2	0.0	0.8	LAB	LAB
194	384	Stalybridge and Hyde	Jonathan Reynolds	69,081	59.4	44.4	49.5	3.7	0.0	2.4	0.0	0.0	0.0	LAB	LAB
195	383	Wrexham	Ian Lucas	50,992	64.2	40.2	45.0	6.1	0.0	0.0	8.7	0.0	0.0	LAB	LAB
196	382	Bolton North East	David Crausby	67,901	63.6	41.6	46.4	3.2	7.5	1.3	0.0	0.0	0.0	LAB	LAB
197	381	Mansfield	Alan Meale	77,534	60.9	38.4	43.0	4.7	13.4	0.0	0.0	0.0	0.5	LAB	LAB
198	380	Scunthorpe	Nic Dakin	64,010	57.7	41.5	46.0	3.5	5.7	0.0	0.0	3.0	0.3	LAB	LAB
198	379	Paisley and Renfrewshire North	Gavin Newlands	66,206	76.2	23.9	28.4	2.7	0.0	0.0	43.9	0.0	1.1	NAT	NAT
198	379	Glasgow South	Stewart McDonald	74,051	65.9	21.9	25.8	3.1	0.0	0.0	48.2	0.0	1.0	NAT	NAT
198	379	Na h-Eileanan An Iar (Western Isles)	Angus MacNeil	21,744	73.3	20.1	24.0	2.7	0.0	0.0	46.4	6.6	0.2	NAT	NAT
199	379	Hyndburn	Graham Jones	68,341	62.8	41.9	45.6	3.0	9.5	0.0	0.0	0.0	0.0	LAB	LAB
200	378	Birmingham Erdington	Jack Dromey	65,128	53.3	44.7	48.3	4.6	0.0	1.6	0.0	0.0	0.8	LAB	LAB
201	377	Worsley and Eccles South	Barbara Keeley	72,174	58.3	44.7	48.4	3.3	0.0	1.5	0.0	0.0	2.0	LAB	LAB
202	376	Gower	Byron Davies	61,820	69.2	41.0	44.3	5.2	1.5	0.0	8.1	0.0	0.0	CON	LAB
203	375	Dudley North	Ian Austin	60,718	62.6	39.9	43.2	2.4	13.0	0.8	0.0	0.0	0.6	LAB	LAB
203	374	Dunfermline and West Fife	Douglas Chapman	78,037	71.6	24.4	27.7	3.7	0.0	0.0	43.9	0.0	0.3	NAT	NAT
204	374	Westminster North	Karen Buck	62,346	63.4	43.9	47.0	6.6	0.0	1.9	0.0	0.0	0.7	LAB	LAB
205	373	Darlington	Jenny Chapman	65,832	62.5	43.4	46.3	5.0	3.5	1.7	0.0	0.0	0.2	LAB	LAB
206	372	Coventry South	Jim Cunningham	71,380	61.2	42.1	45.1	5.4	3.9	2.3	0.0	0.0	1.2	LAB	LAB
206	371	Edinburgh East	Tommy Sheppard	66,178	71.2	24.1	26.8	4.4	0.0	0.0	44.0	0.0	0.8	NAT	NAT
206	371	Inverclyde	Ronnie Cowan	59,350	75.2	23.3	25.8	2.6	0.0	0.0	47.6	0.0	0.8	NAT	NAT
206	371	Glasgow North	Patrick Grady	58,875	62.7	21.5	23.6	2.5	0.0	6.3	45.0	0.0	1.1	NAT	NAT
207	371	Gedling	Vernon Coaker	70,046	68.5	43.1	45.2	5.3	4.5	1.8	0.0	0.0	0.0	LAB	LAB
207	370	Kilmarnock and Loudoun	Alan Brown	75,233	71.6	23.9	25.7	2.0	0.0	0.0	48.1	0.0	0.2	NAT	NAT
208	370	Hampstead and Kilburn	Tulip Siddiq	80,241	67.3	43.8	45.5	7.8	0.0	2.5	0.0	0.0	0.4	LAB	LAB
209	369	Birmingham Edgbaston	Gisela Stuart	65,591	63.0	45.3	47.0	5.2	0.0	1.9	0.0	0.0	0.5	LAB	LAB
210	368	Harrow West	Gareth Thomas	69,643	66.9	44.6	46.3	5.8	1.4	1.6	0.0	0.0	0.3	LAB	LAB
211	367	Chorley	Lindsay Hoyle	74,679	69.2	46.6	48.2	3.7	0.0	1.1	0.0	0.0	0.4	LAB	LAB
212	366	Hove	Peter Kyle	73,505	71.0	43.6	45.2	6.6	0.0	3.4	0.0	0.0	1.2	LAB	LAB
213	365	Plymouth Sutton and Devonport	Oliver Colvile	73,495	65.3	41.8	42.6	6.8	5.3	3.2	0.0	0.0	0.3	CON	LAB
214	364	Cardiff North	Craig Williams	67,193	76.1	43.5	44.2	5.6	0.4	0.0	6.3	0.0	0.0	CON	LAB
214	363	Linlithgow and East Falkirk	Martyn Day	86,955	70.8	25.9	26.6	2.4	0.0	0.0	44.7	0.0	0.4	NAT	NAT
215	363	Copeland	Jamie Reed	62,119	63.8	44.7	45.4	4.7	5.3	0.0	0.0	0.0	0.0	LAB	LAB
215	362	Midlothian	Owen Thompson	67,875	71.2	25.7	26.2	3.4	0.0	0.0	44.3	0.0	0.4	NAT	NAT
216	362	Wakefield	Mary Creagh	70,521	60.9	46.8	46.9	5.3	0.0	0.0	0.0	0.0	1.0	LAB	LAB
216	361	Carmarthen East and Dinefwr	Jonathan Edwards	55,750	70.7	31.3	31.2	3.7	1.5	0.0	32.2	0.0	0.0	NAT	NAT
216	361	East Kilbride, Strathaven and Lesmahagow	Lisa Cameron	83,071	72.9	23.9	23.7	2.2	1.4	0.0	48.1	0.0	0.7	NAT	NAT
217	361	Vale of Clwyd	James Davies	56,505	62.4	43.6	43.4	3.9	0.0	0.0	9.0	0.0	0.0	CON	CON
218	360	Dewsbury	Paula Sherriff	79,765	67.2	46.7	46.5	5.2	0.0	1.3	0.0	0.0	0.3	LAB	CON
219	359	Ealing Central and Acton	Rupa Huq	71,238	71.4	45.5	44.9	9.5	0.0	0.0	0.0	0.0	0.0	LAB	CON
219	358	Brighton Pavilion	Caroline Lucas	76,557	71.4	30.1	29.4	0.0	0.4	39.0	0.0	0.0	1.1	Green	Green
220	358	Bishop Auckland	Helen Goodman	66,089	59.6	47.5	46.8	5.7	0.0	0.0	0.0	0.0	0.0	LAB	CON
221	357	Blackpool South	Gordon Marsden	57,411	56.5	44.2	43.4	2.5	6.5	1.4	0.0	0.0	2.0	LAB	CON
222	356	Plymouth Moor View	Johnny Mercer	68,115	62.6	41.5	40.6	5.3	11.1	1.1	0.0	0.0	0.4	CON	CON
222	355	Ceredigion	Mark Williams	54,215	69.0	22.5	21.5	32.4	1.2	2.3	20.2	0.0	0.0	LIB	LIB
222	355	Dundee West	Chris Law	66,287	67.5	21.2	19.9	3.1	0.0	0.0	54.7	0.0	1.0	NAT	NAT
223	355	Derbyshire North East	Natascha Engel	71,456	67.1	44.6	43.2	5.2	5.6	1.2	0.0	0.0	0.2	LAB	CON
223	354	Livingston	Hannah Bardell	82,373	69.9	24.8	23.2	2.5	0.0	0.0	49.2	0.0	0.3	NAT	NAT
224	354	Wirral West	Margaret Greenwood	55,377	75.6	47.9	46.3	5.1	0.0	0.0	0.0	0.0	0.6	LAB	CON
225	353	Halifax	Holly Lynch	70,461	62.1	46.4	44.6	5.7	2.4	0.0	0.0	0.0	0.9	LAB	CON
225	352	Lanark and Hamilton East	Angela Crawley	78,846	70.1	27.9	25.8	2.5	1.7	0.0	41.9	0.0	0.2	NAT	NAT
226	352	Enfield North	Joan Ryan	68,119	67.7	45.6	43.1	5.4	3.4	1.6	0.0	0.0	0.9	LAB	CON
227	351	Wolverhampton South West	Rob Marris	60,375	66.6	47.1	44.6	4.3	2.4	1.5	0.0	0.0	0.1	LAB	CON
227	350	Edinburgh North and Leith	Deidre Brock	80,978	71.6	29.5	26.9	3.4	0.0	5.6	34.2	0.0	0.4	NAT	NAT
228	350	Chester, City of	Chris Matheson	72,269	70.8	48.1	45.4	6.5	0.0	0.0	0.0	0.0	0.0	LAB	CON
229	349	Walsall North	David Winnick	67,080	55.0	43.6	40.8	3.5	10.9	0.0	0.0	0.0	1.1	LAB	CON
230	348	Brentford and Isleworth	Ruth Cadbury	84,557	67.8	47.6	44.7	7.4	0.0	0.0	0.0	0.0	0.3	LAB	CON
231	347	Middlesbrough South and Cleveland East	Tom Blenkinsop	71,153	64.2	49.1	46.1	4.8	0.0	0.0	0.0	0.0	0.0	LAB	CON
232	346	Lancaster and Fleetwood	Catherine Smith	60,883	68.6	47.9	44.8	4.2	0.0	2.6	0.0	0.0	0.5	LAB	CON
233	345	Eltham	Clive Efford	63,998	67.4	47.3	44.0	8.0	0.0	0.0	0.0	0.0	0.7	LAB	CON
233	344	Aberdeen North	Kirsty Blackman	67,745	64.9	25.1	21.6	3.2	0.0	0.0	48.9	0.0	1.1	NAT	NAT
234	344	Brighton Kemptown	Simon Kirby	67,858	66.8	47.6	43.9	7.8	0.0	0.0	0.0	0.0	0.8	CON	CON
235	343	Birmingham Northfield	Richard Burden	71,428	59.4	48.7	44.8	4.9	0.0	1.6	0.0	0.0	0.0	LAB	CON
236	342	Derby North	Amanda Solloway	64,739	69.1	44.5	40.6	9.6	5.2	0.0	0.0	0.0	0.0	CON	CON
237	341	Barrow and Furness	John Woodcock	68,338	63.3	48.2	44.2	3.6	2.4	1.3	0.0	0.0	0.3	LAB	CON
238	340	Stoke-on-Trent North	Ruth Smeeth	72,689	53.2	48.0	43.8	4.3	0.0	1.6	0.0	0.0	2.3	LAB	CON
238	339	Renfrewshire East	Kirsten Oswald	69,982	81.1	33.7	29.4	2.4	0.0	0.0	34.2	0.0	0.2	NAT	NAT
238	339	Ayrshire North and Arran	Patricia Gibson	75,772	71.1	27.9	23.5	2.4	0.0	0.0	45.9	0.0	0.3	NAT	NAT
238	339	Falkirk	John McNally	83,380	72.4	24.9	20.4	2.4	2.0	0.2	50.1	0.0	0.2	NAT	NAT
239	339	Morley and Outwood	Andrea Jenkyns	76,179	63.3	49.3	44.7	5.2	0.0	0.0	0.0	0.0	0.8	CON	CON
240	338	Croydon Central	Gavin Barwell	78,171	67.7	47.4	42.0	5.1	3.4	1.5	0.0	0.0	0.5	CON	CON
240	337	East Lothian	George Kerevan	79,481	74.2	32.4	26.9	3.4	0.0	0.0	36.7	0.0	0.6	NAT	NAT
241	337	Ilford North	Wes Streeting	78,162	62.6	49.6	43.8	6.1	0.0	0.0	0.0	0.0	0.5	LAB	CON
242	336	Bolton West	Chris Green	72,727	66.8	47.9	42.0	4.4	4.7	0.0	0.0	0.0	1.0	CON	CON
242	335	Ayrshire Central	Philippa Whitford	69,982	72.6	28.6	22.2	2.6	0.0	0.0	46.4	0.0	0.3	NAT	NAT
243	335	Weaver Vale	Graham Evans	68,407	68.5	50.4	43.8	4.2	0.0	1.3	0.0	0.0	0.2	CON	CON
244	334	Stoke-on-Trent South	Robert Flello	68,788	56.9	49.7	42.8	4.8	0.0	1.5	0.0	0.0	1.2	LAB	CON
245	333	Southampton Itchen	Royston Smith	72,309	61.8	46.8	39.7	6.0	4.7	2.1	0.0	0.0	0.6	CON	CON
246	332	Thurrock	Jackie Doyle-Price	77,569	63.9	41.7	34.5	3.4	19.5	0.0	0.0	0.0	0.9	CON	CON
247	331	Warrington South	David Mowat	85,566	69.4	50.0	42.7	6.7	0.0	0.0	0.0	0.0	0.5	CON	CON
248	330	Bury North	David Nuttall	67,580	66.9	51.6	44.2	4.1	0.0	0.0	0.0	0.0	0.0	CON	CON
249	329	Stroud	Neil Carmichael	80,522	75.5	48.5	41.0	6.8	1.0	2.1	0.0	0.0	0.6	CON	CON
250	328	Newcastle-under-Lyme	Paul Farrelly	66,752	64.4	50.3	42.4	6.4	0.0	0.0	0.0	0.0	0.9	LAB	CON
251	327	Lincoln	Karl McCartney	74,121	63.2	49.2	41.3	5.7	3.0	0.0	0.0	0.0	0.8	CON	CON
252	326	Bedford	Richard Fuller	69,311	66.5	49.6	41.5	6.7	0.0	1.6	0.0	0.0	0.5	CON	CON
253	325	Keighley	Kris Hopkins	68,865	71.3	50.4	42.1	4.5	1.3	1.8	0.0	0.0	0.0	CON	CON
254	324	Corby	Tom Pursglove	79,775	70.4	50.1	41.1	4.0	3.4	1.4	0.0	0.0	0.0	CON	CON
254	323	Dwyfor Meirionnydd	Liz Saville Roberts	44,395	65.1	33.2	24.0	5.4	2.1	0.0	33.4	2.0	0.0	NAT	NAT
255	323	Pudsey	Stuart Andrew	70,533	72.2	51.3	42.1	6.6	0.0	0.0	0.0	0.0	0.0	CON	CON
256	322	Calder Valley	Craig Whittaker	77,753	68.9	50.2	40.5	6.2	0.7	2.0	0.0	0.0	0.4	CON	CON
257	321	Vale of Glamorgan	Alun Cairns	72,187	71.1	48.6	38.9	3.4	0.5	0.8	7.8	0.0	0.0	CON	CON
257	320	Ochil and South Perthshire	Tasmina Ahmed-Sheikh	77,370	74.8	33.8	23.9	2.8	0.0	0.0	39.2	0.0	0.3	NAT	NAT
258	320	Bristol North West	Charlotte Leslie	76,626	67.6	48.8	38.9	9.2	0.0	2.6	0.0	0.0	0.4	CON	CON
259	319	Waveney	Peter Aldous	80,171	65.1	49.5	39.5	4.2	5.0	1.8	0.0	0.0	0.2	CON	CON
259	318	Ayr Carrick and Cumnock	Corri Wilson	72,985	71.5	32.8	22.8	2.4	0.0	0.0	41.8	0.0	0.3	NAT	NAT
259	318	Edinburgh South West	Joanna Cherry	72,178	71.5	33.8	23.7	4.3	0.0	0.0	37.7	0.0	0.4	NAT	NAT
260	318	Hendon	Matthew Offord	74,658	66.5	51.3	40.8	4.9	1.7	1.2	0.0	0.0	0.1	CON	CON
261	317	Hastings and Rye	Amber Rudd	75,095	67.8	49.6	39.1	6.7	4.3	0.0	0.0	0.0	0.3	CON	CON
262	316	Colne Valley	Jason McCartney	82,510	68.8	50.6	40.0	7.2	0.0	1.8	0.0	0.0	0.5	CON	CON
262	315	Dundee East	Stewart Hosie	66,960	72.0	27.0	16.2	3.2	0.0	0.0	52.6	0.0	1.0	NAT	NAT
263	315	Swindon South	Robert Buckland	73,956	66.6	49.3	38.4	7.0	3.7	1.6	0.0	0.0	0.0	CON	CON
264	314	Preseli Pembrokeshire	Stephen Crabb	57,291	70.8	48.8	37.0	3.5	1.1	0.0	5.8	3.8	0.0	CON	CON
265	313	Broxtowe	Anna Soubry	71,865	74.4	51.5	39.7	5.5	1.6	1.6	0.0	0.0	0.1	CON	CON
266	312	Finchley and Golders Green	Mike Freer	72,049	70.5	51.9	40.0	5.9	0.7	1.5	0.0	0.0	0.1	CON	CON
267	311	Crewe and Nantwich	Edward Timpson	74,039	67.4	52.4	40.1	3.6	3.9	0.0	0.0	0.0	0.0	CON	CON
268	310	Ipswich	Ben Gummer	74,498	65.4	50.9	38.5	5.3	3.2	1.9	0.0	0.0	0.1	CON	CON
269	309	Carlisle	John Stevenson	65,827	64.7	52.6	40.2	4.1	2.7	0.0	0.0	0.0	0.4	CON	CON
270	308	Dover	Charlie Elphicke	72,929	68.9	48.2	35.7	5.3	9.4	1.3	0.0	0.0	0.2	CON	CON
271	307	Thanet South	Craig Mackinlay	70,182	70.4	43.5	30.8	3.9	18.9	1.1	0.0	0.0	1.7	CON	CON
271	306	Stirling	Steven Paterson	67,236	77.5	34.5	21.7	3.5	0.0	0.0	39.9	0.0	0.4	NAT	NAT
272	306	Halesowen and Rowley Regis	James Morris	74,203	59.1	50.9	38.1	3.6	6.3	1.1	0.0	0.0	0.0	CON	CON
273	305	Telford	Lucy Allan	66,166	61.4	53.9	40.7	4.1	0.0	1.3	0.0	0.0	0.0	CON	CON
274	304	Peterborough	Stewart Jackson	72,521	64.9	51.5	38.4	5.8	0.0	1.4	0.0	0.0	2.9	CON	CON
275	303	Stockton South	James Wharton	75,109	69.0	53.6	40.4	3.8	0.9	0.9	0.0	0.0	0.4	CON	CON
276	302	Enfield Southgate	David Burrowes	64,938	70.5	52.5	39.2	6.1	0.0	2.1	0.0	0.0	0.1	CON	CON
277	301	Gloucester	Richard Graham	82,949	63.4	49.3	35.9	7.8	5.0	1.3	0.0	0.0	0.7	CON	CON
278	300	Northampton North	Michael Ellis	59,147	66.6	50.2	36.7	4.7	6.4	2.1	0.0	0.0	0.0	CON	CON
279	299	Aberconwy	Guto Bebb	45,540	66.2	48.1	34.5	6.2	0.0	0.0	11.2	0.0	0.0	CON	CON
280	298	Aberdeen South	Callum McCaig	68,056	71.3	36.5	22.8	4.1	0.0	0.0	35.9	0.0	0.7	NAT	CON
281	297	Carmarthen West and Pembrokeshire South	Simon Hart	57,755	69.9	48.7	34.9	3.7	1.5	0.0	11.2	0.0	0.0	CON	CON
282	296	High Peak	Andrew Bingham	73,336	69.3	53.3	39.4	7.3	0.0	0.0	0.0	0.0	0.0	CON	CON
283	295	Reading East	Rob Wilson	74,651	67.6	50.4	36.5	9.9	0.0	3.2	0.0	0.0	0.1	CON	CON
284	294	Scarborough and Whitby	Robert Goodwill	73,511	64.9	50.7	36.3	5.1	5.4	2.4	0.0	0.0	0.2	CON	CON
285	293	Warwick and Leamington	Chris White	71,750	70.5	52.4	38.0	6.8	0.6	2.3	0.0	0.0	0.0	CON	CON
286	292	Harrow East	Bob Blackman	70,890	69.1	54.2	39.6	4.6	0.0	1.0	0.0	0.0	0.6	CON	CON
287	291	Sherwood	Mark Spencer	73,334	69.1	52.7	38.1	3.6	4.3	1.2	0.0	0.0	0.1	CON	CON
288	290	Battersea	Jane Ellison	76,106	67.1	52.6	38.0	7.0	0.5	1.9	0.0	0.0	0.1	CON	CON
289	289	Northampton South	David Mackintosh	61,284	63.4	49.6	34.9	5.1	8.1	2.0	0.0	0.0	0.2	CON	CON
290	288	Southport	John Pugh	67,328	65.5	39.6	24.6	27.4	6.3	0.0	0.0	0.0	2.1	LIB	CON
291	287	Worcester	Robin Walker	71,003	70.0	52.1	37.1	4.9	3.2	2.4	0.0	0.0	0.3	CON	CON
292	286	Elmet and Rothwell	Alec Shelbrooke	79,143	73.0	54.2	38.5	6.2	0.0	1.1	0.0	0.0	0.0	CON	CON
293	285	Blackpool North and Cleveleys	Paul Maynard	62,469	63.1	53.5	37.7	3.0	4.4	1.2	0.0	0.0	0.1	CON	CON
294	284	Milton Keynes South	Iain Stewart	87,968	67.0	51.7	35.8	6.4	3.8	1.6	0.0	0.0	0.7	CON	CON
295	283	Morecambe and Lunesdale	David Morris	66,476	65.0	53.4	37.5	4.3	2.9	1.7	0.0	0.0	0.2	CON	CON
296	282	Ribble South	Seema Kennedy	76,489	68.5	53.9	37.9	4.7	3.5	0.0	0.0	0.0	0.0	CON	CON
297	281	Warwickshire North	Craig Tracey	70,152	67.5	55.5	39.2	3.7	0.0	1.1	0.0	0.0	0.5	CON	CON
298	280	Erewash	Maggie Throup	71,937	67.2	55.0	38.7	5.0	0.0	1.4	0.0	0.0	0.0	CON	CON
299	279	Portsmouth South	Flick Drummond	71,639	58.5	42.5	26.1	19.9	5.1	3.7	0.0	1.7	0.9	CON	CON
300	278	Cannock Chase	Amanda Milling	74,531	63.2	52.8	35.9	3.7	6.5	1.1	0.0	0.0	0.0	CON	CON
301	277	Reading West	Alok Sharma	72,302	66.9	53.6	36.6	7.6	0.0	1.4	0.0	0.0	0.8	CON	CON
302	276	Nuneaton	Marcus Jones	68,032	67.2	53.9	36.7	3.2	4.1	1.6	0.0	0.0	0.5	CON	CON
303	275	Norwich North	Chloe Smith	65,136	66.9	53.7	36.5	6.8	0.0	2.3	0.0	0.0	0.7	CON	CON
304	274	Clwyd West	David Jones	58,657	64.8	50.9	33.2	4.5	0.0	0.0	11.4	0.0	0.0	CON	CON
305	273	Forest of Dean	Mark Harper	69,882	70.9	50.2	32.4	7.3	7.5	2.5	0.0	0.0	0.0	CON	CON
306	272	Gravesham	Adam Holloway	74,307	67.5	52.1	34.2	4.5	8.0	1.1	0.0	0.0	0.1	CON	CON
307	271	Dudley South	Mike Wood	60,363	63.3	52.4	34.5	3.2	8.4	1.5	0.0	0.0	0.0	CON	CON
308	270	Stevenage	Stephen McPartland	70,597	67.7	54.7	36.8	5.8	0.0	1.5	0.0	0.0	1.2	CON	CON
308	269	Dunbartonshire East	John Nicolson	66,966	81.9	29.0	10.9	25.9	0.0	0.0	33.8	0.0	0.4	NAT	NAT
309	269	Crawley	Henry Smith	73,940	65.7	55.6	37.6	6.4	0.0	0.0	0.0	0.0	0.5	CON	CON
310	268	Milton Keynes North	Mark Lancaster	84,892	68.0	52.1	33.9	8.3	3.2	1.9	0.0	0.0	0.6	CON	CON
311	267	Chipping Barnet	Theresa Villiers	77,853	68.1	54.0	35.5	7.4	0.0	2.7	0.0	0.0	0.5	CON	CON
312	266	Monmouth	David Davies	65,706	72.2	52.5	33.8	5.6	0.6	1.4	6.1	0.0	0.0	CON	CON
313	265	Rossendale and Darwen	Jake Berry	84,011	58.4	57.1	38.3	2.9	0.0	1.1	0.0	0.0	0.7	CON	CON
314	264	Shipley	Philip Davies	70,466	71.7	55.7	36.7	6.9	0.0	0.0	0.0	0.0	0.7	CON	CON
315	263	Amber Valley	Nigel Mills	70,226	65.1	56.6	37.6	4.5	0.0	1.3	0.0	0.0	0.0	CON	CON
316	262	Camborne and Redruth	George Eustice	66,944	68.5	50.8	31.6	12.8	0.0	2.6	0.0	0.0	2.3	CON	CON
317	261	Great Yarmouth	Brandon Lewis	69,793	63.7	50.4	31.1	4.0	12.8	1.2	0.0	0.0	0.6	CON	CON
318	260	Cleethorpes	Martin Vickers	70,514	63.9	54.0	34.4	3.7	6.4	1.2	0.0	0.0	0.2	CON	CON
319	259	Stourbridge	Margot James	69,077	66.6	54.0	33.9	4.5	6.3	1.3	0.0	0.0	0.0	CON	CON
320	258	Pendle	Andrew Stephenson	64,657	68.7	57.6	37.1	4.0	0.0	1.2	0.0	0.0	0.0	CON	CON
321	257	Shrewsbury and Atcham	Daniel Kawczynski	76,460	70.8	52.8	32.2	8.2	4.3	2.4	0.0	0.0	0.1	CON	CON
322	256	Canterbury	Julian Brazier	83,481	64.0	51.9	31.2	12.8	0.0	3.5	0.0	0.0	0.7	CON	CON
323	255	Kingswood	Chris Skidmore	67,992	70.8	55.7	34.9	7.2	0.0	1.3	0.0	0.0	0.9	CON	CON
324	254	Swindon North	Justin Tomlinson	81,005	64.5	53.7	32.8	6.4	5.6	1.5	0.0	0.0	0.0	CON	CON
325	253	Loughborough	Nicky Morgan	72,644	71.6	55.8	34.7	5.7	1.8	2.0	0.0	0.0	0.0	CON	CON
326	252	Redditch	Karen Lumley	65,529	67.3	54.6	33.5	4.4	5.9	1.3	0.0	0.0	0.3	CON	CON
326	251	Inverness Nairn Badenoch and Strathspey	Drew Hendry	77,268	74.6	28.7	7.5	20.5	0.0	0.0	42.2	0.0	1.1	NAT	NAT
327	251	Filton and Bradley Stoke	Jack Lopresti	70,722	69.4	54.4	33.2	10.0	0.0	2.1	0.0	0.0	0.3	CON	CON
328	250	Gillingham and Rainham	Rehman Chishti	72,609	64.8	52.4	30.9	5.9	8.7	1.2	0.0	0.0	1.0	CON	CON
329	249	Basingstoke	Maria Miller	79,662	66.6	52.9	31.3	9.2	5.8	0.0	0.0	0.0	0.8	CON	CON
329	248	Orkney and Shetland	Alistair Carmichael	34,551	65.8	28.3	6.6	32.9	2.1	0.0	29.8	0.0	0.2	LIB	LIB
329	248	Caithness Sutherland and Easter Ross	Paul Monaghan	47,558	71.9	30.0	8.3	23.4	0.0	0.0	37.9	0.0	0.3	NAT	NAT
330	248	Dumfries and Galloway	Richard Arkless	75,249	75.2	42.3	20.2	2.4	0.0	0.0	34.8	0.0	0.3	NAT	CON
331	247	Watford	Richard Harrington	84,270	66.6	50.8	28.5	17.1	1.9	1.2	0.0	0.0	0.4	CON	CON
332	246	Edinburgh West	Michelle Thomson	71,749	76.5	33.2	10.6	22.9	0.0	0.0	32.9	0.0	0.4	NAT	CON
333	245	Rochester and Strood	Kelly Tolhurst	79,000	66.5	49.7	27.0	4.3	17.0	1.4	0.0	0.0	0.5	CON	CON
334	244	Kensington	Victoria Borwick	61,333	56.8	55.1	32.2	8.3	0.0	2.9	0.0	0.0	1.6	CON	CON
335	243	Norfolk North	Norman Lamb	68,958	71.7	42.2	19.0	38.1	0.0	0.0	0.0	0.0	0.6	LIB	CON
336	242	Brecon and Radnorshire	Christopher Davies	54,311	73.8	46.8	23.4	23.1	0.4	0.0	6.3	0.0	0.0	CON	CON
336	241	Ross Skye and Lochaber	Ian Blackford	54,169	77.2	28.9	5.5	24.8	0.0	0.0	39.9	0.0	0.9	NAT	NAT
337	241	York Outer	Julian Sturdy	78,561	68.6	54.8	31.3	11.5	0.0	2.5	0.0	0.0	0.0	CON	CON
338	240	Bath	Ben Howlett	60,869	77.5	44.8	21.1	27.4	0.0	5.5	0.0	0.0	1.2	CON	CON
339	239	Dartford	Gareth Johnson	76,686	68.4	54.2	30.5	4.9	8.6	1.3	0.0	0.0	0.6	CON	CON
340	238	Portsmouth North	Penny Mordaunt	73,105	62.1	52.5	28.7	7.6	8.8	1.6	0.0	0.0	0.8	CON	CON
341	237	Carshalton and Wallington	Tom Brake	69,866	68.1	43.2	19.2	34.8	0.0	1.8	0.0	0.0	1.0	LIB	CON
342	236	Bridgwater and West Somerset	Ian Liddell-Grainger	80,491	67.6	50.9	26.8	11.9	8.1	2.2	0.0	0.0	0.0	CON	CON
343	235	Putney	Justine Greening	63,918	67.0	55.5	31.3	8.7	1.3	2.7	0.0	0.0	0.5	CON	CON
344	234	Basildon South and East Thurrock	Stephen Metcalfe	73,210	62.3	51.1	26.9	4.5	15.5	0.0	0.0	0.0	2.1	CON	CON
345	233	Harlow	Robert Halfon	67,994	65.1	55.7	31.4	4.1	6.8	1.1	0.0	0.0	0.8	CON	CON
346	232	Clacton	Douglas Carswell	68,936	64.1	45.1	20.6	2.8	29.9	1.4	0.0	0.0	0.2	UKIP	CON
347	231	Somerset North East	Jacob Rees-Mogg	69,380	73.7	55.8	31.2	10.3	0.0	2.5	0.0	0.0	0.2	CON	CON
348	230	Isle of Wight	Andrew Turner	108,804	64.6	48.8	24.1	7.0	8.7	6.6	0.0	0.0	4.8	CON	CON
349	229	Stafford	Jeremy Lefroy	68,705	71.0	57.6	32.9	4.4	0.0	1.7	0.0	3.5	0.0	CON	CON
350	228	Rochford and Southend East	James Duddridge	71,935	60.6	53.4	28.5	5.0	10.3	2.6	0.0	0.0	0.2	CON	CON
350	227	Westmorland and Lonsdale	Tim Farron	65,857	74.3	38.4	13.6	48.0	0.0	0.0	0.0	0.0	0.0	LIB	LIB
351	227	St Albans	Anne Main	72,507	75.1	52.3	27.2	18.4	0.0	2.0	0.0	0.0	0.1	CON	CON
352	226	Weston-Super-Mare	John Penrose	79,493	66.1	52.0	27.0	10.8	7.3	2.3	0.0	0.0	0.6	CON	CON
353	225	Rushcliffe	Kenneth Clarke	73,294	75.3	57.0	31.7	6.4	1.3	3.6	0.0	0.0	0.0	CON	CON
354	224	Beverley and Holderness	Graham Stuart	80,822	65.2	58.5	32.9	6.0	0.0	1.8	0.0	0.0	0.8	CON	CON
355	223	Chatham and Aylesford	Tracey Crouch	68,625	62.8	54.8	28.9	5.3	9.0	1.3	0.0	0.0	0.7	CON	CON
356	222	Dorset South	Richard Drax	71,974	67.5	57.1	30.8	8.5	0.0	2.1	0.0	0.0	1.5	CON	CON
357	221	Selby and Ainsty	Nigel Adams	76,082	69.4	59.0	32.8	5.6	2.4	0.0	0.0	0.0	0.2	CON	CON
358	220	Worthing East and Shoreham	Tim Loughton	74,272	67.2	53.4	27.0	8.0	6.4	2.6	0.0	0.0	2.6	CON	CON
359	219	Wimbledon	Stephen Hammond	65,853	73.5	54.6	28.1	13.4	1.5	2.3	0.0	0.0	0.1	CON	CON
360	218	Kingston and Surbiton	James Berry	81,277	72.9	45.3	18.6	31.0	2.2	2.2	0.0	0.0	0.7	CON	CON
361	217	Truro and Falmouth	Sarah Newton	73,601	70.0	50.2	23.3	15.8	3.0	4.0	0.0	0.0	3.7	CON	CON
362	216	Thanet North	Roger Gale	70,504	66.7	53.3	26.2	5.1	13.1	1.8	0.0	0.0	0.4	CON	CON
362	215	Argyll and Bute	Brendan O'Hara	68,875	75.3	36.7	9.3	16.8	0.0	0.0	36.9	0.0	0.3	NAT	NAT
363	215	Cities of London and Westminster	Mark Field	60,992	59.3	56.1	28.7	9.4	1.7	3.0	0.0	0.0	1.0	CON	CON
364	214	Welwyn Hatfield	Grant Shapps	73,264	68.5	56.3	28.7	8.1	4.3	1.8	0.0	0.0	0.9	CON	CON
365	213	Altrincham and Sale West	Graham Brady	72,004	70.2	58.7	31.1	8.1	0.0	2.0	0.0	0.0	0.0	CON	CON
366	212	Chingford and Woodford Green	Iain Duncan Smith	66,691	65.7	57.7	30.1	8.7	0.0	2.4	0.0	0.0	1.1	CON	CON
367	211	Bournemouth East	Tobias Ellwood	71,956	62.3	53.1	25.3	9.5	6.7	3.3	0.0	0.0	2.1	CON	CON
367	210	Gordon	Alex Salmond	79,393	73.3	33.6	5.8	21.2	0.0	0.0	39.1	0.0	0.3	NAT	NAT
368	210	Spelthorne	Kwasi Kwarteng	71,592	68.6	54.0	26.2	7.6	9.3	1.7	0.0	0.0	1.1	CON	CON
369	209	Rugby	Mark Pawsey	79,557	61.6	59.5	31.5	6.8	0.0	1.7	0.0	0.0	0.5	CON	CON
370	208	Cheadle	Mary Robinson	73,239	72.5	50.8	22.8	25.3	0.0	0.0	0.0	0.0	1.2	CON	CON
371	207	Wrekin, The	Mark Pritchard	65,942	68.9	57.3	29.3	5.2	6.2	1.9	0.0	0.0	0.0	CON	CON
372	206	Bexleyheath and Crayford	David Evennett	64,828	67.4	53.9	25.7	6.5	12.1	1.2	0.0	0.0	0.6	CON	CON
373	205	Fife North East	Stephen Gethins	62,003	73.0	36.2	7.6	20.9	0.0	0.0	34.2	0.0	1.1	NAT	CON
374	204	Yorkshire East	Greg Knight	81,030	61.7	57.7	29.1	5.5	5.3	1.8	0.0	0.0	0.6	CON	CON
375	203	Colchester	Will Quince	74,203	65.5	50.7	21.9	24.1	0.0	2.7	0.0	0.0	0.6	CON	CON
376	202	Lewes	Maria Caulfield	69,481	72.7	47.4	18.4	33.8	0.0	0.0	0.0	0.0	0.4	CON	CON
377	201	Hexham	Guy Opperman	60,614	71.5	59.5	30.4	6.4	1.0	2.8	0.0	0.0	0.0	CON	CON
378	200	Brigg and Goole	Andrew Percy	68,486	63.2	60.3	31.2	3.1	4.1	1.1	0.0	0.0	0.2	CON	CON
379	199	Hazel Grove	William Wragg	63,098	68.5	53.6	24.5	20.6	0.0	1.4	0.0	0.0	0.0	CON	CON
380	198	Eastleigh	Mims Davies	79,609	69.7	49.7	20.5	22.6	5.2	1.4	0.0	0.0	0.6	CON	CON
381	197	Twickenham	Tania Mathias	80,242	77.3	46.5	17.1	35.7	0.0	0.0	0.0	0.0	0.6	CON	CON
382	196	Wyre Forest	Mark Garnier	77,451	63.8	53.5	23.7	2.4	4.6	1.3	0.0	14.6	0.0	CON	CON
383	195	Leicestershire North West	Andrew Bridgen	72,194	71.4	61.6	31.7	5.4	0.0	1.3	0.0	0.0	0.0	CON	CON
384	194	Wycombe	Steven Baker	76,371	67.4	56.6	26.7	10.3	2.1	3.0	0.0	0.0	1.2	CON	CON
385	193	Uxbridge and South Ruislip	Boris Johnson	70,634	63.4	56.3	26.2	7.6	6.8	1.8	0.0	0.0	1.3	CON	CON
386	192	Aldershot	Gerald Howarth	72,434	63.8	55.4	25.2	9.6	7.4	2.2	0.0	0.0	0.1	CON	CON
387	191	Banbury	Victoria Prentis	86,420	67.1	57.4	27.2	7.8	4.0	2.3	0.0	0.0	1.4	CON	CON
388	190	St Ives	Derek Thomas	65,570	73.7	49.1	18.8	30.6	0.0	0.0	0.0	0.0	1.5	CON	CON
389	189	Eddisbury	Antoinette Sandbach	68,636	69.0	58.9	28.5	7.6	2.6	1.8	0.0	0.0	0.6	CON	CON
390	188	Harwich and North Essex	Bernard Jenkin	69,289	69.9	56.2	25.8	8.3	7.3	2.3	0.0	0.0	0.2	CON	CON
391	187	Folkestone and Hythe	Damian Collins	83,612	65.8	53.7	23.1	9.0	10.6	2.7	0.0	0.0	0.9	CON	CON
392	186	Bournemouth West	Conor Burns	72,082	58.0	58.5	27.9	9.5	0.0	3.4	0.0	0.0	0.7	CON	CON
393	185	Derbyshire South	Heather Wheeler	74,395	68.2	62.1	31.3	5.2	0.0	1.3	0.0	0.0	0.0	CON	CON
394	184	Derbyshire Mid	Pauline Latham	67,576	70.6	61.4	30.3	6.1	0.0	2.2	0.0	0.0	0.0	CON	CON
395	183	Ashford	Damian Green	85,189	67.3	57.2	26.0	7.3	7.2	2.1	0.0	0.0	0.2	CON	CON
396	182	Bosworth	David Tredinnick	79,742	67.2	56.0	24.8	19.1	0.0	0.0	0.0	0.0	0.0	CON	CON
397	181	Broadland	Keith Simpson	74,680	71.1	56.3	25.0	10.0	6.4	2.2	0.0	0.0	0.2	CON	CON
398	180	Aylesbury	David Lidington	80,611	68.7	55.2	23.7	11.2	7.8	1.9	0.0	0.0	0.2	CON	CON
399	179	Southend West	David Amess	66,876	66.6	55.6	24.0	9.7	7.7	2.4	0.0	0.0	0.6	CON	CON
400	178	Basildon and Billericay	John Baron	68,459	62.9	58.3	26.7	5.5	9.3	0.0	0.0	0.0	0.2	CON	CON
401	177	Berwick-upon-Tweed	Anne-Marie Trevelyan	58,098	69.6	54.5	22.9	20.6	0.0	1.8	0.0	0.0	0.2	CON	CON
402	176	Worthing West	Peter Bottomley	75,617	67.1	55.9	24.2	9.6	7.2	2.9	0.0	0.0	0.2	CON	CON
403	175	Norfolk North West	Henry Bellingham	72,400	65.4	58.5	26.7	4.9	7.7	2.0	0.0	0.0	0.2	CON	CON
404	174	Ribble Valley	Nigel Evans	77,873	67.1	60.9	28.9	4.6	0.0	2.2	0.0	0.0	3.4	CON	CON
405	173	Boston and Skegness	Matt Warman	67,834	63.9	53.7	21.6	2.5	20.2	1.0	0.0	0.0	1.0	CON	CON
406	172	Derbyshire Dales	Patrick McLoughlin	63,470	74.6	60.3	28.2	8.7	0.0	2.6	0.0	0.0	0.3	CON	CON
407	171	Burton	Andrew Griffiths	75,300	65.5	63.3	31.1	4.2	0.0	1.4	0.0	0.0	0.0	CON	CON
408	170	Leicestershire South	Alberto Costa	76,877	70.1	59.5	27.2	7.6	5.8	0.0	0.0	0.0	0.0	CON	CON
409	169	Macclesfield	David Rutley	71,580	69.3	61.4	29.0	7.1	0.0	2.5	0.0	0.0	0.0	CON	CON
410	168	St Austell and Newquay	Steve Double	76,607	65.7	53.4	20.9	21.1	0.0	0.0	0.0	0.0	4.6	CON	CON
411	167	Haltemprice and Howden	David Davis	71,205	68.5	61.7	29.1	6.8	0.0	1.9	0.0	0.0	0.5	CON	CON
412	166	Staffordshire Moorlands	Karen Bradley	63,104	67.5	62.7	30.0	5.5	0.0	1.7	0.0	0.0	0.0	CON	CON
413	165	Havant	Alan Mak	70,573	63.5	56.6	23.9	7.5	9.2	2.6	0.0	0.0	0.2	CON	CON
414	164	Croydon South	Chris Philp	82,010	70.4	59.2	26.2	8.1	3.8	2.1	0.0	0.0	0.6	CON	CON
415	163	Oxford West and Abingdon	Nicola Blackwood	79,767	71.8	51.8	18.8	27.3	0.4	0.0	0.0	0.0	1.6	CON	CON
416	162	Wyre and Preston North	Ben Wallace	70,697	70.6	63.0	29.9	5.4	0.0	1.8	0.0	0.0	0.0	CON	CON
417	161	Torbay	Kevin Foster	76,259	63.0	49.4	16.2	29.1	3.7	1.5	0.0	0.0	0.0	CON	CON
418	160	Norfolk Mid	George Freeman	76,975	67.8	57.9	24.6	7.1	8.0	2.2	0.0	0.0	0.2	CON	CON
419	159	Charnwood	Edward Argar	77,269	67.6	60.4	27.1	7.2	4.8	0.0	0.0	0.0	0.5	CON	CON
420	158	Suffolk South	James Cartlidge	73,220	70.9	58.4	24.9	8.6	5.3	2.3	0.0	0.0	0.5	CON	CON
421	157	Hornchurch and Upminster	Angela Watkinson	79,331	69.6	55.3	21.8	5.6	15.2	1.4	0.0	0.0	0.6	CON	CON
422	156	Tamworth	Christopher Pincher	71,912	65.6	64.1	30.6	5.4	0.0	0.0	0.0	0.0	0.0	CON	CON
423	155	Bromley and Chislehurst	Bob Neill	65,476	67.3	57.6	24.1	9.0	6.9	2.3	0.0	0.0	0.2	CON	CON
424	154	Louth and Horncastle	Victoria Atkins	74,280	67.8	59.2	25.5	5.1	9.1	0.0	0.0	0.0	1.2	CON	CON
425	153	Huntingdon	Jonathan Djanogly	82,404	67.9	58.2	24.5	8.9	6.1	2.0	0.0	0.0	0.2	CON	CON
426	152	Cambridgeshire South	Heidi Allen	84,132	73.1	57.5	23.7	15.3	0.0	3.3	0.0	0.0	0.2	CON	CON
427	151	Congleton	Fiona Bruce	72,398	70.4	60.6	26.8	7.5	3.2	1.9	0.0	0.0	0.0	CON	CON
428	150	Fylde	Mark Menzies	65,679	66.3	61.2	27.4	8.0	0.0	1.7	0.0	0.0	1.8	CON	CON
429	149	Kettering	Philip Hollobone	70,155	67.3	63.6	29.4	4.7	0.0	1.9	0.0	0.0	0.5	CON	CON
430	148	Wellingborough	Peter Bone	77,127	65.4	59.9	25.6	4.6	7.5	2.5	0.0	0.0	0.0	CON	CON
431	147	Norfolk South West	Elizabeth Truss	76,970	65.1	58.0	23.6	6.3	11.6	0.0	0.0	0.0	0.4	CON	CON
432	146	Maidstone and The Weald	Helen Grant	73,181	68.3	52.7	18.3	20.8	5.3	1.4	0.0	0.0	1.4	CON	CON
433	145	Cambridgeshire North West	Shailesh Vara	91,783	66.6	58.6	24.2	6.7	8.0	1.8	0.0	0.0	0.5	CON	CON
434	144	Sutton Coldfield	Andrew Mitchell	74,956	67.8	63.1	28.6	6.3	0.0	1.6	0.0	0.0	0.4	CON	CON
435	143	Devon East	Hugo Swire	74,224	73.7	50.6	16.0	6.9	2.5	0.0	0.0	24.0	0.0	CON	CON
436	142	Thornbury and Yate	Luke Hall	65,884	73.7	49.6	14.9	34.2	0.0	1.2	0.0	0.0	0.1	CON	CON
437	141	Chelmsford	Simon Burns	78,580	68.5	57.5	22.8	11.9	4.6	1.8	0.0	0.0	1.4	CON	CON
438	140	Cambridgeshire South East	Lucy Frazer	84,570	70.4	57.0	22.2	20.3	0.0	0.0	0.0	0.0	0.5	CON	CON
439	139	Devon North	Peter Heaton-Jones	74,737	70.0	51.5	16.6	24.7	4.4	2.6	0.0	0.0	0.3	CON	CON
440	138	Hemel Hempstead	Michael Penning	74,616	66.5	62.6	27.7	7.1	0.0	1.8	0.0	0.0	0.9	CON	CON
441	137	Bromsgrove	Sajid Javid	73,329	71.2	63.5	28.5	6.0	0.0	1.9	0.0	0.0	0.0	CON	CON
442	136	Eastbourne	Caroline Ansell	78,262	67.6	49.9	14.8	33.6	0.0	1.3	0.0	0.0	0.5	CON	CON
443	135	Faversham and Kent Mid	Helen Whately	69,523	65.9	58.6	23.3	7.8	7.2	1.9	0.0	0.0	1.1	CON	CON
444	134	Sittingbourne and Sheppey	Gordon Henderson	76,018	65.0	63.5	28.2	5.8	0.0	1.2	0.0	0.0	1.3	CON	CON
445	133	Devon South West	Gary Streeter	71,035	70.9	59.6	24.3	9.3	4.6	2.2	0.0	0.0	0.0	CON	CON
446	132	Romford	Andrew Rosindell	72,594	67.7	57.2	21.9	6.1	13.2	1.4	0.0	0.0	0.2	CON	CON
447	131	Bognor Regis and Littlehampton	Nick Gibb	73,095	64.5	57.1	21.7	9.1	9.9	2.0	0.0	0.0	0.2	CON	CON
448	130	Devon Central	Mel Stride	72,737	74.9	57.5	22.1	12.2	3.5	4.1	0.0	0.0	0.7	CON	CON
449	129	Thirsk and Malton	Kevin Hollinrake	77,451	67.6	60.5	24.9	7.8	2.9	2.4	0.0	0.0	1.5	CON	CON
450	128	Stone	William Cash	67,339	69.8	61.3	25.7	5.5	5.2	1.5	0.0	0.0	0.8	CON	CON
451	127	Hitchin and Harpenden	Peter Lilley	74,839	74.0	61.4	25.7	9.9	0.0	2.9	0.0	0.0	0.2	CON	CON
452	126	Suffolk West	Matthew Hancock	76,197	64.6	58.6	22.9	6.0	10.3	1.9	0.0	0.0	0.2	CON	CON
452	125	Angus	Michael Weir	65,792	67.6	43.4	7.6	2.8	0.0	0.0	45.8	0.0	0.3	NAT	NAT
453	125	Totnes	Sarah Wollaston	68,630	68.6	58.2	22.3	10.4	4.4	4.7	0.0	0.0	0.0	CON	CON
454	124	Wantage	Ed Vaizey	83,516	69.8	58.4	22.4	13.5	2.9	2.5	0.0	0.0	0.1	CON	CON
455	123	Braintree	James Cleverly	73,557	68.4	59.8	23.6	6.0	7.9	1.6	0.0	0.0	1.0	CON	CON
456	122	Shropshire North	Owen Paterson	78,910	66.6	63.5	27.2	6.4	0.0	2.9	0.0	0.0	0.0	CON	CON
457	121	Bracknell	Phillip Lee	78,131	67.9	60.5	24.0	9.9	5.2	0.0	0.0	0.0	0.3	CON	CON
458	120	Bexhill and Battle	Huw Merriman	78,796	70.1	59.4	22.8	8.4	6.8	2.5	0.0	0.0	0.2	CON	CON
459	119	Sutton and Cheam	Paul Scully	69,160	72.2	52.1	15.5	30.0	0.0	1.2	0.0	0.0	1.2	CON	CON
460	118	Gainsborough	Edward Leigh	73,212	67.3	63.7	27.1	6.9	0.0	1.5	0.0	0.0	0.8	CON	CON
461	117	Old Bexley and Sidcup	James Brokenshire	66,035	70.8	57.8	20.9	6.2	9.7	1.6	0.0	2.6	1.2	CON	CON
462	116	Somerset North	Liam Fox	80,115	73.6	60.1	23.2	13.5	0.0	3.0	0.0	0.0	0.2	CON	CON
463	115	Salisbury	John Glen	69,590	72.9	59.2	22.3	11.3	3.2	2.5	0.0	0.0	1.5	CON	CON
464	114	Suffolk Coastal	Therese Coffey	77,537	71.7	62.1	25.0	9.3	0.0	3.1	0.0	0.0	0.5	CON	CON
464	113	Banff and Buchan	Eilidh Whiteford	68,609	66.5	41.9	4.8	2.8	0.0	0.0	50.4	0.0	0.2	NAT	NAT
465	113	Newark	Robert Jenrick	73,724	70.9	64.0	26.8	6.2	2.1	0.0	0.0	0.0	0.8	CON	CON
466	112	Meriden	Caroline Spelman	81,079	64.9	62.0	24.8	5.3	5.4	2.4	0.0	0.0	0.1	CON	CON
467	111	Montgomeryshire	Glyn Davies	48,491	69.6	54.0	16.8	22.4	0.0	1.5	5.3	0.0	0.0	CON	CON
468	110	Grantham and Stamford	Nicholas Boles	81,151	66.2	60.9	23.6	5.8	5.9	1.9	0.0	0.0	1.8	CON	CON
469	109	Tewkesbury	Laurence Robertson	78,500	70.5	59.0	21.7	14.1	3.3	1.8	0.0	0.0	0.0	CON	CON
470	108	Poole	Robert Syms	72,557	65.3	59.6	22.2	11.8	0.0	2.1	0.0	0.0	4.2	CON	CON
471	107	Moray	Angus Robertson	71,685	68.7	46.1	8.7	3.2	0.0	0.0	41.7	0.0	0.4	NAT	CON
472	106	Harborough	Edward Garnier	77,760	67.5	59.7	22.1	12.2	3.7	2.3	0.0	0.0	0.0	CON	CON
473	105	Suffolk Central and Ipswich North	Daniel Poulter	78,782	68.7	61.7	24.0	7.3	3.9	2.6	0.0	0.0	0.5	CON	CON
474	104	Hertsmere	Oliver Dowden	73,753	67.9	63.4	25.7	7.6	3.2	0.0	0.0	0.0	0.1	CON	CON
475	103	Skipton and Ripon	Julian Smith	76,243	71.6	67.4	29.6	0.0	0.0	3.0	0.0	0.0	0.0	CON	CON
476	102	Yeovil	Marcus Fysh	82,446	69.1	53.7	15.8	28.6	0.0	1.8	0.0	0.0	0.2	CON	CON
477	101	Richmond	Rishi Sunak	83,451	64.7	61.1	23.2	5.8	0.0	2.2	0.0	6.2	1.6	CON	CON
478	100	Norfolk South	Richard Bacon	78,885	72.4	62.8	24.7	9.4	0.0	2.8	0.0	0.0	0.4	CON	CON
479	99	Castle Point	Rebecca Harris	68,170	66.7	58.2	20.0	3.7	17.9	0.0	0.0	0.0	0.3	CON	CON
480	98	Taunton Deane	Rebecca Pow	81,830	70.7	55.2	17.0	18.4	2.4	2.1	0.0	4.4	0.4	CON	CON
481	97	Gosport	Caroline Dinenage	73,271	65.1	60.2	22.0	7.8	7.9	1.8	0.0	0.0	0.4	CON	CON
482	96	Aldridge-Brownhills	Wendy Morton	60,215	65.6	66.1	27.9	5.2	0.0	0.0	0.0	0.0	0.9	CON	CON
483	95	Lichfield	Michael Fabricant	83,339	61.8	65.0	26.4	6.0	0.0	2.2	0.0	0.0	0.4	CON	CON
484	94	Woking	Jonathan Lord	74,287	70.0	60.4	21.7	12.7	2.4	2.0	0.0	0.0	0.8	CON	CON
485	93	Bury St Edmunds	Jo Churchill	85,993	69.0	63.3	24.6	7.6	0.0	4.1	0.0	0.0	0.4	CON	CON
486	92	Broxbourne	Charles Walker	72,944	63.1	61.9	23.2	4.7	8.6	1.4	0.0	0.0	0.2	CON	CON
487	91	Wiltshire South West	Andrew Murrison	73,030	70.7	62.2	23.5	11.3	0.0	2.6	0.0	0.0	0.4	CON	CON
488	90	Hertfordshire North East	Oliver Heald	73,944	70.7	63.3	24.5	9.1	0.0	2.8	0.0	0.0	0.3	CON	CON
489	89	Devon West and Torridge	Geoffrey Cox	78,582	72.0	61.3	22.3	12.8	0.0	3.2	0.0	0.0	0.4	CON	CON
490	88	Newton Abbot	Anne-Marie Morris	69,743	69.1	57.7	18.6	20.9	0.0	2.1	0.0	0.0	0.7	CON	CON
491	87	Cheltenham	Alex Chalk	77,286	69.5	52.8	13.7	30.6	0.0	2.3	0.0	0.0	0.5	CON	CON
492	86	Bedfordshire South West	Andrew Selous	79,664	64.4	64.8	25.6	7.1	0.0	2.1	0.0	0.0	0.4	CON	CON
493	85	Chelsea and Fulham	Greg Hands	63,478	63.4	63.9	24.7	7.7	1.5	2.1	0.0	0.0	0.1	CON	CON
494	84	Perth and North Perthshire	Peter Wishart	72,447	74.8	46.5	7.0	3.2	0.0	0.0	42.3	0.0	1.0	NAT	CON
495	83	Solihull	Julian Knight	77,251	70.9	57.6	18.1	21.3	1.1	1.7	0.0	0.0	0.1	CON	CON
496	82	Epping Forest	Eleanor Laing	73,545	67.1	61.1	21.5	7.6	7.6	1.9	0.0	0.0	0.4	CON	CON
497	81	Devizes	Claire Perry	69,211	70.8	61.3	21.5	9.4	5.1	2.7	0.0	0.0	0.0	CON	CON
498	80	Fareham	Suella Fernandes	77,233	70.8	60.9	21.1	9.6	4.8	1.9	0.0	0.0	1.7	CON	CON
499	79	Sleaford and North Hykeham	Stephen Phillips	88,188	70.2	63.7	24.0	5.6	3.8	0.0	0.0	0.0	2.9	CON	CON
500	78	Rutland and Melton	Alan Duncan	79,789	68.4	62.4	22.6	7.8	4.4	2.4	0.0	0.0	0.4	CON	CON
501	77	Dorset West	Oliver Letwin	78,427	72.0	58.7	18.8	19.6	0.0	2.6	0.0	0.0	0.2	CON	CON
502	76	Chippenham	Michelle Donelan	74,225	74.6	56.4	16.5	26.8	0.0	0.0	0.0	0.0	0.3	CON	CON
503	75	Harrogate and Knaresborough	Andrew Jones	77,379	69.0	60.0	20.0	20.0	0.0	0.0	0.0	0.0	0.0	CON	CON
504	74	Tiverton and Honiton	Neil Parish	76,270	70.5	62.9	22.8	11.1	0.0	2.9	0.0	0.0	0.3	CON	CON
505	73	Sevenoaks	Michael Fallon	70,741	70.9	61.2	21.1	8.9	6.5	2.2	0.0	0.0	0.1	CON	CON
506	72	Daventry	Chris Heaton-Harris	72,753	72.2	64.6	24.3	5.0	4.2	1.9	0.0	0.0	0.0	CON	CON
507	71	Wells	James Heappey	79,405	71.7	55.1	14.7	29.6	0.0	0.0	0.0	0.0	0.7	CON	CON
508	70	Hertford and Stortford	Mark Prisk	78,906	71.3	64.2	23.7	9.3	0.0	2.5	0.0	0.0	0.3	CON	CON
509	69	Hertfordshire South West	David Gauke	79,666	71.9	62.3	21.6	11.1	2.0	2.4	0.0	0.0	0.6	CON	CON
510	68	Sussex Mid	Nicholas Soames	79,520	72.3	61.0	20.2	11.9	2.5	2.1	0.0	0.0	2.3	CON	CON
511	67	Dumfriesshire, Clydesdale and Tweeddale	David Mundell	68,483	76.1	53.1	12.1	3.0	0.0	0.0	31.5	0.0	0.3	CON	CON
512	66	Ruislip, Northwood and Pinner	Nick Hurd	73,219	70.0	63.5	22.4	7.1	4.0	2.0	0.0	0.0	1.0	CON	CON
513	65	Tatton	George Osborne	64,512	70.2	65.8	24.5	7.7	0.0	2.0	0.0	0.0	0.0	CON	CON
514	64	Reigate	Crispin Blunt	73,429	69.9	61.6	20.2	11.1	3.6	3.3	0.0	0.0	0.1	CON	CON
515	63	Cornwall North	Scott Mann	67,192	71.8	56.2	14.6	27.4	0.0	0.0	0.0	0.0	1.8	CON	CON
516	62	Cornwall South East	Sheryll Murray	71,071	71.1	60.6	18.9	15.2	0.0	2.5	0.0	0.0	3.0	CON	CON
517	61	Tunbridge Wells	Greg Clark	73,429	70.0	62.7	20.9	9.9	3.0	2.6	0.0	0.0	1.0	CON	CON
518	60	Witney	David Cameron	79,767	73.3	64.2	22.1	8.6	0.8	2.5	0.0	0.0	1.7	CON	CON
519	59	Worcestershire West	Harriett Baldwin	73,415	73.7	63.0	21.0	8.9	3.3	3.8	0.0	0.0	0.0	CON	CON
520	58	Hereford and South Herefordshire	Jesse Norman	70,711	66.8	61.8	19.7	8.8	5.5	4.2	0.0	0.0	0.0	CON	CON
521	57	Rayleigh and Wickford	Mark Francois	77,870	68.3	61.0	18.8	3.8	10.1	1.5	0.0	0.0	4.7	CON	CON
522	56	Cambridgeshire North East	Stephen Barclay	82,990	62.4	62.3	20.1	5.2	10.4	1.8	0.0	0.0	0.2	CON	CON
523	55	Chichester	Andrew Tyrie	83,575	68.4	62.6	20.3	9.4	4.2	3.3	0.0	0.0	0.3	CON	CON
524	54	Surrey East	Sam Gyimah	79,654	70.4	62.2	19.8	9.7	5.5	1.9	0.0	0.0	0.8	CON	CON
525	53	Beckenham	Bob Stewart	67,436	72.4	65.3	22.8	9.3	0.0	2.2	0.0	0.0	0.4	CON	CON
526	52	Kenilworth and Southam	Jeremy Wright	65,245	74.8	64.0	21.5	10.0	1.5	2.3	0.0	0.0	0.7	CON	CON
527	51	Chesham and Amersham	Cheryl Gillan	73,423	71.8	63.0	20.5	10.3	3.4	2.7	0.0	0.0	0.1	CON	CON
528	50	Wealden	Nus Ghani	80,252	71.0	62.2	19.7	9.5	5.3	3.2	0.0	0.0	0.1	CON	CON
529	49	Hampshire North West	Kit Malthouse	79,223	69.7	63.0	20.4	10.1	4.1	2.3	0.0	0.0	0.1	CON	CON
530	48	Worcestershire Mid	Nigel Huddleston	73,069	71.5	63.9	21.3	6.9	5.6	2.2	0.0	0.0	0.0	CON	CON
531	47	Tonbridge and Malling	Tom Tugendhat	74,877	71.7	64.0	21.1	8.3	4.4	2.2	0.0	0.0	0.1	CON	CON
532	46	Wokingham	John Redwood	77,881	71.9	63.0	20.1	14.2	0.0	1.9	0.0	0.0	0.8	CON	CON
533	45	Northamptonshire South	Andrea Leadsom	85,092	71.5	66.2	23.2	6.5	2.0	2.1	0.0	0.0	0.0	CON	CON
534	44	Epsom and Ewell	Chris Grayling	78,633	72.7	64.7	21.7	10.3	0.0	1.8	0.0	0.0	1.5	CON	CON
535	43	Bedfordshire Mid	Nadine Dorries	81,144	71.6	65.4	22.3	8.6	0.0	2.2	0.0	0.0	1.6	CON	CON
536	42	Romsey and Southampton North	Caroline Nokes	66,519	72.8	62.0	18.6	16.9	0.0	2.3	0.0	0.0	0.2	CON	CON
537	41	Horsham	Jeremy Quin	78,181	72.8	62.2	18.7	11.8	3.5	1.9	0.0	0.0	1.8	CON	CON
538	40	Henley	John Howell	78,243	70.6	63.2	19.6	12.0	1.7	3.4	0.0	0.0	0.1	CON	CON
539	39	Richmond Park	Zac Goldsmith	77,297	76.5	61.9	17.9	19.2	0.6	0.0	0.0	0.0	0.4	CON	CON
540	38	Orpington	Joseph Johnson	68,129	72.0	62.3	18.4	8.8	8.2	2.0	0.0	0.0	0.2	CON	CON
541	37	Bedfordshire North East	Alistair Burt	83,551	70.2	65.4	21.3	7.1	3.8	2.3	0.0	0.0	0.2	CON	CON
542	36	Runnymede and Weybridge	Philip Hammond	73,744	67.9	66.6	22.2	8.9	0.0	2.1	0.0	0.0	0.3	CON	CON
543	35	Saffron Walden	Sir Alan Haselhurst	80,615	71.4	63.4	18.7	11.3	3.4	0.0	0.0	0.0	3.2	CON	CON
544	34	Cotswolds, The	Geoffrey Clifton-Brown	78,292	72.4	61.8	16.9	17.6	1.5	2.1	0.0	0.0	0.0	CON	CON
545	33	Wiltshire North	James Gray	67,858	74.5	62.1	17.2	15.1	2.2	2.1	0.0	0.0	1.3	CON	CON
546	32	Guildford	Anne Milton	76,554	70.5	62.8	17.9	15.0	0.0	2.4	0.0	0.0	1.9	CON	CON
547	31	Aberdeenshire West and Kincardine	Stuart Donaldson	73,445	75.2	49.9	4.9	10.8	0.0	0.0	33.9	0.0	0.6	NAT	CON
548	30	Somerton and Frome	David Warburton	83,527	72.2	61.6	16.6	17.0	0.0	4.1	0.0	0.0	0.7	CON	CON
549	29	New Forest East	Julian Lewis	72,720	68.0	66.3	20.9	10.0	0.0	2.3	0.0	0.0	0.5	CON	CON
550	28	Ludlow	Philip Dunne	66,423	72.4	65.4	19.8	11.9	0.0	3.0	0.0	0.0	0.0	CON	CON
551	27	Arundel and South Downs	Nick Herbert	77,272	73.1	65.2	19.5	8.4	3.5	3.2	0.0	0.0	0.1	CON	CON
552	26	Dorset North	Simon Hoare	74,576	71.6	65.5	19.8	11.8	0.0	2.6	0.0	0.0	0.3	CON	CON
553	25	Stratford-on-Avon	Nadhim Zahawi	70,914	72.6	66.1	20.3	11.2	0.0	2.4	0.0	0.0	0.0	CON	CON
554	24	Staffordshire South	Gavin Williamson	84,243	58.9	70.2	24.3	4.0	0.0	1.5	0.0	0.0	0.0	CON	CON
555	23	Winchester	Steve Brine	74,119	74.6	60.4	14.5	22.3	0.4	2.4	0.0	0.0	0.1	CON	CON
556	22	Witham	Priti Patel	67,090	70.3	67.8	21.7	7.6	0.0	2.3	0.0	0.0	0.6	CON	CON
557	21	Dorset Mid and Poole North	Michael Tomlinson	68,917	67.5	60.5	14.3	25.0	0.0	0.0	0.0	0.0	0.3	CON	CON
558	20	Christchurch	Christopher Chope	69,302	71.7	67.8	21.5	8.2	0.0	2.0	0.0	0.0	0.5	CON	CON
559	19	Surrey South West	Jeremy Hunt	77,050	74.1	63.8	17.2	8.8	0.9	0.0	0.0	8.5	0.9	CON	CON
560	18	Brentwood and Ongar	Eric Pickles	72,461	71.6	65.2	18.2	8.9	5.9	1.4	0.0	0.0	0.5	CON	CON
561	17	Meon Valley	George Hollingbery	72,738	71.1	65.6	18.2	10.3	4.1	1.8	0.0	0.0	0.1	CON	CON
562	16	Penrith and The Border	Rory Stewart	65,209	67.4	67.9	20.2	6.9	2.2	2.8	0.0	0.0	0.0	CON	CON
563	15	Herefordshire North	Bill Wiggin	66,683	72.0	66.7	18.9	10.4	0.0	4.1	0.0	0.0	0.0	CON	CON
564	14	Esher and Walton	Dominic Raab	79,894	71.3	66.8	18.5	10.8	0.6	2.1	0.0	0.0	1.2	CON	CON
565	13	New Forest West	Desmond Swayne	68,465	69.2	68.4	20.0	8.3	0.0	2.9	0.0	0.0	0.4	CON	CON
566	12	Surrey Heath	Michael Gove	79,515	68.5	67.4	19.0	10.0	0.0	2.2	0.0	0.0	1.5	CON	CON
567	11	Beaconsfield	Dominic Grieve	76,380	69.6	67.3	18.6	8.8	3.0	2.1	0.0	0.0	0.1	CON	CON
568	10	South Holland and The Deepings	John Hayes	77,015	63.9	67.7	19.0	3.0	8.5	1.8	0.0	0.0	0.0	CON	CON
569	9	Maldon	John Whittingdale	69,455	69.2	66.3	17.0	5.3	4.4	1.6	0.0	5.0	0.4	CON	CON
570	8	Windsor	Adam Afriyie	68,797	72.9	68.2	18.7	10.2	0.0	1.8	0.0	0.0	1.2	CON	CON
571	7	Hampshire East	Damian Hinds	72,600	71.1	67.6	17.6	11.6	0.0	3.1	0.0	0.0	0.2	CON	CON
572	6	Mole Valley	Sir Paul Beresford	74,317	74.2	66.1	15.6	14.0	1.5	2.7	0.0	0.0	0.1	CON	CON
573	5	Berwickshire, Roxburgh and Selkirk	Calum Kerr	74,179	74.2	56.3	5.0	9.0	0.0	0.0	29.0	0.0	0.6	NAT	CON
574	4	Newbury	Richard Benyon	79,058	72.5	67.6	15.3	14.3	0.0	2.0	0.0	0.0	0.8	CON	CON
575	3	Maidenhead	Theresa May	74,963	71.8	69.5	16.8	10.9	0.5	1.8	0.0	0.0	0.5	CON	CON
576	2	Hampshire North East	Ranil Jayawardena	74,025	72.9	70.1	15.3	11.1	0.5	2.2	0.0	0.0	0.8	CON	CON
577	1	Buckingham	John Bercow	77,572	69.2	79.4	0.0	0.0	9.3	6.8	0.0	0.0	4.5	CON	CON