id,Constituency,Vote For,party_code,Why
W07000081,Aberafan Maesteg,Green,green,Strongest vote for climate
S14000001,Aberdeen North,Green,green,Strongest vote for climate
S14000060,Aberdeen North,Green,green,Strongest vote for climate
S14000002,Aberdeen South,Green,green,Strongest vote for climate
S14000061,Aberdeen South,Green,green,Strongest vote for climate
S14000062,Aberdeenshire North and Moray East,Lib Dem,ld,Strongest vote for climate
S14000063,Airdrie and Shotts,Lib Dem,ld,Strongest vote for climate
S14000003,Airdrie and Shotts,Lib Dem,ld,Strongest vote for climate
E14000530,Aldershot,Green,green,Strongest vote for climate
E14001063,Aldershot,Green,green,Strongest vote for climate
E14000531,Aldridge-Brownhills,Green,green,Strongest vote for climate
E14001064,Aldridge-Brownhills,Green,green,Strongest vote for climate
S14000064,Alloa and Grangemouth,Green,green,Strongest vote for climate
E14000532,Altrincham and Sale West,Green,green,Strongest vote for climate
E14001065,Altrincham and Sale West,Green,green,Strongest vote for climate
W07000082,Alyn and Deeside,Green,green,Strongest vote for climate
W07000043,Alyn and Deeside,Green,green,Strongest vote for climate
E14001066,Amber Valley,Green,green,Strongest vote for climate
E14000533,Amber Valley,Green,green,Strongest vote for climate
S14000065,Angus and Perthshire Glens,Lib Dem,ld,Strongest vote for climate
S14000066,Arbroath and Broughty Ferry,Lib Dem,ld,Strongest vote for climate
S14000067,"Argyll, Bute and South Lochaber",Lib Dem,ld,Strongest vote for climate
E14001067,Arundel and South Downs,Green,green,Strongest vote for climate
E14000534,Arundel and South Downs,Green,green,Strongest vote for climate
E14000535,Ashfield,Green,green,Strongest vote for climate
E14001068,Ashfield,Green,green,Strongest vote for climate
E14000536,Ashford,Green,green,Strongest vote for climate
E14001069,Ashford,Green,green,Strongest vote for climate
E14000537,Ashton-Under-Lyne,Green,green,Strongest vote for climate
E14001070,Ashton-under-Lyne,Green,green,Strongest vote for climate
E14000538,Aylesbury,Green,green,Strongest vote for climate
E14001071,Aylesbury,Green,green,Strongest vote for climate
S14000006,"Ayr, Carrick and Cumnock",Green,green,Strongest vote for climate
S14000006,"Ayr, Carrick and Cumnock",Green,green,Strongest vote for climate
E14001072,Banbury,Green,green,Strongest vote for climate
E14000539,Banbury,Green,green,Strongest vote for climate
W07000083,Bangor Aberconwy,Green,green,Strongest vote for climate
E14001073,Barking,Green,green,Strongest vote for climate
E14000540,Barking,Green,green,Strongest vote for climate
E14001074,Barnsley North,Green,green,Strongest vote for climate
E14001075,Barnsley South,Green,green,Strongest vote for climate
E14000543,Barrow and Furness,Green,green,Strongest vote for climate
E14001076,Barrow and Furness,Green,green,Strongest vote for climate
E14001077,Basildon and Billericay,Green,green,Strongest vote for climate
E14000544,Basildon and Billericay,Green,green,Strongest vote for climate
E14001078,Basingstoke,Green,green,Strongest vote for climate
E14000545,Basingstoke,Green,green,Strongest vote for climate
E14001079,Bassetlaw,Green,green,Strongest vote for climate
E14000546,Bassetlaw,Green,green,Strongest vote for climate
E14000547,Bath,Lib Dem,ld,Strongest vote for climate
E14001080,Bath,Lib Dem,ld,Strongest vote for climate
S14000068,Bathgate and Linlithgow,Green,green,Strongest vote for climate
E14000549,Battersea,Green,green,Strongest vote for climate
E14001081,Battersea,Green,green,Strongest vote for climate
E14001082,Beaconsfield,Green,green,Strongest vote for climate
E14000550,Beaconsfield,Green,green,Strongest vote for climate
E14001083,Beckenham and Penge,Green,green,Strongest vote for climate
E14000552,Bedford,Green,green,Strongest vote for climate
E14001084,Bedford,Green,green,Strongest vote for climate
E14001085,Bermondsey and Old Southwark,Lib Dem,ld,Strongest vote for climate
E14000553,Bermondsey and Old Southwark,Lib Dem,ld,Strongest vote for climate
S14000008,"Berwickshire, Roxburgh and Selkirk",Green,green,Strongest vote for climate
S14000008,"Berwickshire, Roxburgh and Selkirk",Green,green,Strongest vote for climate
E14001086,Bethnal Green and Stepney,Green,green,Strongest vote for climate
E14001087,Beverley and Holderness,Green,green,Strongest vote for climate
E14000556,Beverley and Holderness,Green,green,Strongest vote for climate
E14000557,Bexhill and Battle,Green,green,Strongest vote for climate
E14001088,Bexhill and Battle,Green,green,Strongest vote for climate
E14000558,Bexleyheath and Crayford,Green,green,Strongest vote for climate
E14001089,Bexleyheath and Crayford,Green,green,Strongest vote for climate
E14001090,Bicester and Woodstock,Lib Dem,ld,Strongest vote for climate
E14000559,Birkenhead,Green,green,Strongest vote for climate
E14001091,Birkenhead,Green,green,Strongest vote for climate
E14001092,Birmingham Edgbaston,Green,green,Strongest vote for climate
E14001093,Birmingham Erdington,Green,green,Strongest vote for climate
E14001094,Birmingham Hall Green and Moseley,Green,green,Strongest vote for climate
E14001095,Birmingham Hodge Hill and Solihull North,Green,green,Strongest vote for climate
E14001096,Birmingham Ladywood,Green,green,Strongest vote for climate
E14001097,Birmingham Northfield,Green,green,Strongest vote for climate
E14001098,Birmingham Perry Barr,Green,green,Strongest vote for climate
E14001099,Birmingham Selly Oak,Green,green,Strongest vote for climate
E14001100,Birmingham Yardley,Green,green,Strongest vote for climate
E14000560,"Birmingham, Edgbaston",Green,green,Strongest vote for climate
E14000561,"Birmingham, Erdington",Green,green,Strongest vote for climate
E14000564,"Birmingham, Ladywood",Green,green,Strongest vote for climate
E14000565,"Birmingham, Northfield",Green,green,Strongest vote for climate
E14000566,"Birmingham, Perry Barr",Green,green,Strongest vote for climate
E14000567,"Birmingham, Selly Oak",Green,green,Strongest vote for climate
E14000568,"Birmingham, Yardley",Green,green,Strongest vote for climate
E14000569,Bishop Auckland,Green,green,Strongest vote for climate
E14001101,Bishop Auckland,Green,green,Strongest vote for climate
E14000570,Blackburn,Green,green,Strongest vote for climate
E14001102,Blackburn,Green,green,Strongest vote for climate
E14001103,Blackley and Middleton South,Green,green,Strongest vote for climate
E14001104,Blackpool North and Fleetwood,Green,green,Strongest vote for climate
E14000573,Blackpool South,Green,green,Strongest vote for climate
E14001105,Blackpool South,Green,green,Strongest vote for climate
W07000084,Blaenau Gwent and Rhymney,Green,green,Strongest vote for climate
E14001106,Blaydon and Consett,Green,green,Strongest vote for climate
E14001107,Blyth and Ashington,Green,green,Strongest vote for climate
E14000576,Bognor Regis and Littlehampton,Green,green,Strongest vote for climate
E14001108,Bognor Regis and Littlehampton,Green,green,Strongest vote for climate
E14000577,Bolsover,Green,green,Strongest vote for climate
E14001109,Bolsover,Green,green,Strongest vote for climate
E14000578,Bolton North East,Green,green,Strongest vote for climate
E14001110,Bolton North East,Green,green,Strongest vote for climate
E14001111,Bolton South and Walkden,Green,green,Strongest vote for climate
E14001112,Bolton West,Green,green,Strongest vote for climate
E14000580,Bolton West,Green,green,Strongest vote for climate
E14001113,Bootle,Green,green,Strongest vote for climate
E14000581,Bootle,Green,green,Strongest vote for climate
E14001114,Boston and Skegness,Green,green,Strongest vote for climate
E14000582,Boston and Skegness,Green,green,Strongest vote for climate
E14001115,Bournemouth East,Green,green,Strongest vote for climate
E14000584,Bournemouth East,Green,green,Strongest vote for climate
E14000585,Bournemouth West,Green,green,Strongest vote for climate
E14001116,Bournemouth West,Green,green,Strongest vote for climate
E14000586,Bracknell,Green,green,Strongest vote for climate
E14001117,Bracknell,Green,green,Strongest vote for climate
E14001118,Bradford East,Green,green,Strongest vote for climate
E14000587,Bradford East,Green,green,Strongest vote for climate
E14000588,Bradford South,Green,green,Strongest vote for climate
E14001119,Bradford South,Green,green,Strongest vote for climate
E14000589,Bradford West,Green,green,Strongest vote for climate
E14001120,Bradford West,Green,green,Strongest vote for climate
E14000590,Braintree,Green,green,Strongest vote for climate
E14001121,Braintree,Green,green,Strongest vote for climate
W07000085,"Brecon, Radnor and Cwm Tawe",Lib Dem,ld,Strongest vote for climate
E14001122,Brent East,Green,green,Strongest vote for climate
E14001123,Brent West,Green,green,Strongest vote for climate
E14001124,Brentford and Isleworth,Green,green,Strongest vote for climate
E14000593,Brentford and Isleworth,Green,green,Strongest vote for climate
E14000594,Brentwood and Ongar,Green,green,Strongest vote for climate
E14001125,Brentwood and Ongar,Green,green,Strongest vote for climate
W07000086,Bridgend,Green,green,Strongest vote for climate
W07000073,Bridgend,Green,green,Strongest vote for climate
E14001126,Bridgwater,Green,green,Strongest vote for climate
E14001127,Bridlington and The Wolds,Green,green,Strongest vote for climate
E14001128,Brigg and Immingham,Green,green,Strongest vote for climate
E14001129,Brighton Kemptown and Peacehaven,Green,green,Strongest vote for climate
E14001130,Brighton Pavilion,Green,green,Strongest vote for climate
E14000598,"Brighton, Pavilion",Green,green,Strongest vote for climate
E14001131,Bristol Central,Green,green,Strongest vote for climate
E14000599,Bristol East,Green,green,Strongest vote for climate
E14001132,Bristol East,Green,green,Strongest vote for climate
E14001133,Bristol North East,Green,green,Strongest vote for climate
E14000600,Bristol North West,Green,green,Strongest vote for climate
E14001134,Bristol North West,Green,green,Strongest vote for climate
E14001135,Bristol South,Green,green,Strongest vote for climate
E14000601,Bristol South,Green,green,Strongest vote for climate
E14001136,Broadland and Fakenham,Green,green,Strongest vote for climate
E14001137,Bromley and Biggin Hill,Green,green,Strongest vote for climate
E14001138,Bromsgrove,Green,green,Strongest vote for climate
E14000605,Bromsgrove,Green,green,Strongest vote for climate
E14000606,Broxbourne,Green,green,Strongest vote for climate
E14001139,Broxbourne,Green,green,Strongest vote for climate
E14001140,Broxtowe,Green,green,Strongest vote for climate
E14000607,Broxtowe,Green,green,Strongest vote for climate
E14001141,Buckingham and Bletchley,Green,green,Strongest vote for climate
E14001142,Burnley,Green,green,Strongest vote for climate
E14000609,Burnley,Green,green,Strongest vote for climate
E14001143,Burton and Uttoxeter,Green,green,Strongest vote for climate
E14001144,Bury North,Green,green,Strongest vote for climate
E14000611,Bury North,Green,green,Strongest vote for climate
E14000612,Bury South,Green,green,Strongest vote for climate
E14001145,Bury South,Green,green,Strongest vote for climate
E14001146,Bury St Edmunds and Stowmarket,Green,green,Strongest vote for climate
W07000087,Caerfyrddin,Green,green,Strongest vote for climate
W07000076,Caerphilly,Green,green,Strongest vote for climate
W07000088,Caerphilly,Green,green,Strongest vote for climate
S14000069,"Caithness, Sutherland and Easter Ross",Lib Dem,ld,Strongest vote for climate
S14000009,"Caithness, Sutherland and Easter Ross",Lib Dem,ld,Strongest vote for climate
E14001147,Calder Valley,Green,green,Strongest vote for climate
E14000614,Calder Valley,Green,green,Strongest vote for climate
E14001148,Camborne and Redruth,Green,green,Strongest vote for climate
E14000616,Camborne and Redruth,Green,green,Strongest vote for climate
E14001149,Cambridge,Lib Dem,ld,Strongest vote for climate
E14000617,Cambridge,Lib Dem,ld,Strongest vote for climate
E14001150,Cannock Chase,Green,green,Strongest vote for climate
E14000618,Cannock Chase,Green,green,Strongest vote for climate
E14001151,Canterbury,Green,green,Strongest vote for climate
E14000619,Canterbury,Green,green,Strongest vote for climate
W07000089,Cardiff East,Lib Dem,ld,Strongest vote for climate
W07000090,Cardiff North,Green,green,Strongest vote for climate
W07000051,Cardiff North,Green,green,Strongest vote for climate
W07000080,Cardiff South and Penarth,Green,green,Strongest vote for climate
W07000091,Cardiff South and Penarth,Green,green,Strongest vote for climate
W07000079,Cardiff West,Green,green,Strongest vote for climate
W07000092,Cardiff West,Green,green,Strongest vote for climate
E14000620,Carlisle,Green,green,Strongest vote for climate
E14001152,Carlisle,Green,green,Strongest vote for climate
E14001153,Carshalton and Wallington,Lib Dem,ld,Strongest vote for climate
E14000621,Carshalton and Wallington,Lib Dem,ld,Strongest vote for climate
E14000622,Castle Point,Green,green,Strongest vote for climate
E14001154,Castle Point,Green,green,Strongest vote for climate
S14000010,Central Ayrshire,Green,green,Strongest vote for climate
S14000010,Central Ayrshire,Green,green,Strongest vote for climate
E14001155,Central Devon,Green,green,Strongest vote for climate
E14000623,Central Devon,Green,green,Strongest vote for climate
E14001156,Central Suffolk and North Ipswich,Green,green,Strongest vote for climate
E14000624,Central Suffolk and North Ipswich,Green,green,Strongest vote for climate
W07000093,Ceredigion Preseli,Green,green,Strongest vote for climate
E14000626,Chatham and Aylesford,Green,green,Strongest vote for climate
E14001157,Chatham and Aylesford,Green,green,Strongest vote for climate
E14000627,Cheadle,Lib Dem,ld,Strongest vote for climate
E14001158,Cheadle,Lib Dem,ld,Strongest vote for climate
E14001159,Chelmsford,Lib Dem,ld,Strongest vote for climate
E14000628,Chelmsford,Lib Dem,ld,Strongest vote for climate
E14000629,Chelsea and Fulham,Green,green,Strongest vote for climate
E14001160,Chelsea and Fulham,Green,green,Strongest vote for climate
E14001161,Cheltenham,Lib Dem,ld,Strongest vote for climate
E14000630,Cheltenham,Lib Dem,ld,Strongest vote for climate
E14001162,Chesham and Amersham,Lib Dem,ld,Strongest vote for climate
E14000631,Chesham and Amersham,Lib Dem,ld,Strongest vote for climate
E14001163,Chester North and Neston,Green,green,Strongest vote for climate
E14001164,Chester South and Eddisbury,Green,green,Strongest vote for climate
E14000632,Chesterfield,Green,green,Strongest vote for climate
E14001165,Chesterfield,Green,green,Strongest vote for climate
E14000633,Chichester,Lib Dem,ld,Strongest vote for climate
E14001166,Chichester,Lib Dem,ld,Strongest vote for climate
E14001167,Chingford and Woodford Green,Green,green,Strongest vote for climate
E14000634,Chingford and Woodford Green,Green,green,Strongest vote for climate
E14000635,Chippenham,Lib Dem,ld,Strongest vote for climate
E14001168,Chippenham,Lib Dem,ld,Strongest vote for climate
E14000636,Chipping Barnet,Green,green,Strongest vote for climate
E14001169,Chipping Barnet,Green,green,Strongest vote for climate
E14000637,Chorley,Green,green,Strongest vote for climate
E14001170,Chorley,Green,green,Strongest vote for climate
E14001171,Christchurch,Lib Dem,ld,Strongest vote for climate
E14000638,Christchurch,Lib Dem,ld,Strongest vote for climate
E14001172,Cities of London and Westminster,Green,green,Strongest vote for climate
E14000639,Cities Of London and Westminster,Green,green,Strongest vote for climate
E14000641,City Of Durham,Green,green,Strongest vote for climate
E14001173,City of Durham,Green,green,Strongest vote for climate
E14000642,Clacton,Green,green,Strongest vote for climate
E14001174,Clacton,Green,green,Strongest vote for climate
E14001175,Clapham and Brixton Hill,Lib Dem,ld,Strongest vote for climate
W07000094,Clwyd East,Green,green,Strongest vote for climate
W07000095,Clwyd North,Green,green,Strongest vote for climate
S14000070,Coatbridge and Bellshill,Green,green,Strongest vote for climate
E14000644,Colchester,Green,green,Strongest vote for climate
E14001176,Colchester,Green,green,Strongest vote for climate
E14000645,Colne Valley,Green,green,Strongest vote for climate
E14001177,Colne Valley,Green,green,Strongest vote for climate
E14001178,Congleton,Green,green,Strongest vote for climate
E14000646,Congleton,Green,green,Strongest vote for climate
E14001179,Corby and East Northamptonshire,Green,green,Strongest vote for climate
E14001180,Coventry East,Green,green,Strongest vote for climate
E14000650,Coventry North West,Green,green,Strongest vote for climate
E14001181,Coventry North West,Green,green,Strongest vote for climate
E14001182,Coventry South,Green,green,Strongest vote for climate
E14000651,Coventry South,Green,green,Strongest vote for climate
S14000071,Cowdenbeath and Kirkcaldy,Green,green,Strongest vote for climate
E14001183,Cramlington and Killingworth,Green,green,Strongest vote for climate
E14001184,Crawley,Green,green,Strongest vote for climate
E14000652,Crawley,Green,green,Strongest vote for climate
E14000653,Crewe and Nantwich,Green,green,Strongest vote for climate
E14001185,Crewe and Nantwich,Green,green,Strongest vote for climate
E14001186,Croydon East,Green,green,Strongest vote for climate
E14000656,Croydon South,Green,green,Strongest vote for climate
E14001187,Croydon South,Green,green,Strongest vote for climate
E14001188,Croydon West,Green,green,Strongest vote for climate
S14000072,Cumbernauld and Kirkintilloch,Green,green,Strongest vote for climate
E14000657,Dagenham and Rainham,Green,green,Strongest vote for climate
E14001189,Dagenham and Rainham,Green,green,Strongest vote for climate
E14001190,Darlington,Green,green,Strongest vote for climate
E14000658,Darlington,Green,green,Strongest vote for climate
E14000659,Dartford,Green,green,Strongest vote for climate
E14001191,Dartford,Green,green,Strongest vote for climate
E14001192,Daventry,Green,green,Strongest vote for climate
E14000660,Daventry,Green,green,Strongest vote for climate
E14001193,Derby North,Green,green,Strongest vote for climate
E14000662,Derby North,Green,green,Strongest vote for climate
E14000663,Derby South,Green,green,Strongest vote for climate
E14001194,Derby South,Green,green,Strongest vote for climate
E14001195,Derbyshire Dales,Green,green,Strongest vote for climate
E14000664,Derbyshire Dales,Green,green,Strongest vote for climate
E14001196,Dewsbury and Batley,Green,green,Strongest vote for climate
E14001197,Didcot and Wantage,Lib Dem,ld,Strongest vote for climate
E14000668,Doncaster Central,Green,green,Strongest vote for climate
E14001198,Doncaster Central,Green,green,Strongest vote for climate
E14001199,Doncaster East and the Isle of Axholme,Green,green,Strongest vote for climate
E14001200,Doncaster North,Green,green,Strongest vote for climate
E14000669,Doncaster North,Green,green,Strongest vote for climate
E14001201,Dorking and Horley,Lib Dem,ld,Strongest vote for climate
E14001202,Dover and Deal,Green,green,Strongest vote for climate
E14001203,Droitwich and Evesham,Green,green,Strongest vote for climate
E14001204,Dudley,Green,green,Strongest vote for climate
E14001205,Dulwich and West Norwood,Green,green,Strongest vote for climate
E14000673,Dulwich and West Norwood,Green,green,Strongest vote for climate
S14000073,Dumfries and Galloway,Green,green,Strongest vote for climate
S14000013,Dumfries and Galloway,Green,green,Strongest vote for climate
S14000014,"Dumfriesshire, Clydesdale and Tweeddale",Green,green,Strongest vote for climate
S14000074,"Dumfriesshire, Clydesdale and Tweeddale",Green,green,Strongest vote for climate
S14000075,Dundee Central,Lib Dem,ld,Strongest vote for climate
S14000076,Dunfermline and Dollar,Green,green,Strongest vote for climate
E14001206,Dunstable and Leighton Buzzard,Green,green,Strongest vote for climate
W07000096,Dwyfor Meirionnydd,Green,green,Strongest vote for climate
W07000061,Dwyfor Meirionnydd,Green,green,Strongest vote for climate
E14001207,Ealing Central and Acton,Lib Dem,ld,Strongest vote for climate
E14000674,Ealing Central and Acton,Lib Dem,ld,Strongest vote for climate
E14000675,Ealing North,Green,green,Strongest vote for climate
E14001208,Ealing North,Green,green,Strongest vote for climate
E14001209,Ealing Southall,Green,green,Strongest vote for climate
E14000676,"Ealing, Southall",Green,green,Strongest vote for climate
E14001210,Earley and Woodley,Green,green,Strongest vote for climate
E14001211,Easington,Green,green,Strongest vote for climate
E14000677,Easington,Green,green,Strongest vote for climate
E14001212,East Grinstead and Uckfield,Lib Dem,ld,Strongest vote for climate
E14000679,East Ham,Green,green,Strongest vote for climate
E14001213,East Ham,Green,green,Strongest vote for climate
E14001214,East Hampshire,Lib Dem,ld,Strongest vote for climate
E14000680,East Hampshire,Lib Dem,ld,Strongest vote for climate
S14000077,East Kilbride and Strathaven,Green,green,Strongest vote for climate
S14000021,East Renfrewshire,Green,green,Strongest vote for climate
S14000021,East Renfrewshire,Green,green,Strongest vote for climate
E14001215,East Surrey,Lib Dem,ld,Strongest vote for climate
E14000681,East Surrey,Lib Dem,ld,Strongest vote for climate
E14001216,East Thanet,Green,green,Strongest vote for climate
E14001217,East Wiltshire,Green,green,Strongest vote for climate
E14001218,East Worthing and Shoreham,Green,green,Strongest vote for climate
E14000682,East Worthing and Shoreham,Green,green,Strongest vote for climate
E14000684,Eastbourne,Lib Dem,ld,Strongest vote for climate
E14001219,Eastbourne,Lib Dem,ld,Strongest vote for climate
E14000685,Eastleigh,Lib Dem,ld,Strongest vote for climate
E14001220,Eastleigh,Lib Dem,ld,Strongest vote for climate
S14000078,Edinburgh East and Musselburgh,Green,green,Strongest vote for climate
S14000023,Edinburgh North and Leith,Green,green,Strongest vote for climate
S14000079,Edinburgh North and Leith,Green,green,Strongest vote for climate
S14000080,Edinburgh South,Green,green,Strongest vote for climate
S14000024,Edinburgh South,Green,green,Strongest vote for climate
S14000081,Edinburgh South West,Green,green,Strongest vote for climate
S14000025,Edinburgh South West,Green,green,Strongest vote for climate
S14000082,Edinburgh West,Lib Dem,ld,Strongest vote for climate
S14000026,Edinburgh West,Lib Dem,ld,Strongest vote for climate
E14001221,Edmonton and Winchmore Hill,Green,green,Strongest vote for climate
E14001222,Ellesmere Port and Bromborough,Green,green,Strongest vote for climate
E14001223,Eltham and Chislehurst,Green,green,Strongest vote for climate
E14001224,Ely and East Cambridgeshire,Lib Dem,ld,Strongest vote for climate
E14000691,Enfield North,Green,green,Strongest vote for climate
E14001225,Enfield North,Green,green,Strongest vote for climate
E14001226,Epping Forest,Green,green,Strongest vote for climate
E14000693,Epping Forest,Green,green,Strongest vote for climate
E14000694,Epsom and Ewell,Lib Dem,ld,Strongest vote for climate
E14001227,Epsom and Ewell,Lib Dem,ld,Strongest vote for climate
E14001228,Erewash,Green,green,Strongest vote for climate
E14000695,Erewash,Green,green,Strongest vote for climate
E14001229,Erith and Thamesmead,Green,green,Strongest vote for climate
E14000696,Erith and Thamesmead,Green,green,Strongest vote for climate
E14001230,Esher and Walton,Lib Dem,ld,Strongest vote for climate
E14000697,Esher and Walton,Lib Dem,ld,Strongest vote for climate
E14000698,Exeter,Green,green,Strongest vote for climate
E14001231,Exeter,Green,green,Strongest vote for climate
E14001232,Exmouth and Exeter East,Green,green,Strongest vote for climate
S14000083,Falkirk,Green,green,Strongest vote for climate
S14000028,Falkirk,Green,green,Strongest vote for climate
E14001233,Fareham and Waterlooville,Lib Dem,ld,Strongest vote for climate
E14001234,Farnham and Bordon,Lib Dem,ld,Strongest vote for climate
E14001235,Faversham and Mid Kent,Green,green,Strongest vote for climate
E14000700,Faversham and Mid Kent,Green,green,Strongest vote for climate
E14000701,Feltham and Heston,Green,green,Strongest vote for climate
E14001236,Feltham and Heston,Green,green,Strongest vote for climate
E14000702,Filton and Bradley Stoke,Green,green,Strongest vote for climate
E14001237,Filton and Bradley Stoke,Green,green,Strongest vote for climate
E14000703,Finchley and Golders Green,Green,green,Strongest vote for climate
E14001238,Finchley and Golders Green,Green,green,Strongest vote for climate
E14001239,Folkestone and Hythe,Green,green,Strongest vote for climate
E14000704,Folkestone and Hythe,Green,green,Strongest vote for climate
E14001240,Forest of Dean,Green,green,Strongest vote for climate
E14000705,Forest Of Dean,Green,green,Strongest vote for climate
E14001241,Frome and East Somerset,Lib Dem,ld,Strongest vote for climate
E14000706,Fylde,Green,green,Strongest vote for climate
E14001242,Fylde,Green,green,Strongest vote for climate
E14001243,Gainsborough,Green,green,Strongest vote for climate
E14000707,Gainsborough,Green,green,Strongest vote for climate
E14001244,Gateshead Central and Whickham,Green,green,Strongest vote for climate
E14000710,Gedling,Green,green,Strongest vote for climate
E14001245,Gedling,Green,green,Strongest vote for climate
E14000711,Gillingham and Rainham,Green,green,Strongest vote for climate
E14001246,Gillingham and Rainham,Green,green,Strongest vote for climate
S14000030,Glasgow East,Green,green,Strongest vote for climate
S14000084,Glasgow East,Green,green,Strongest vote for climate
S14000085,Glasgow North,Green,green,Strongest vote for climate
S14000031,Glasgow North,Green,green,Strongest vote for climate
S14000032,Glasgow North East,Green,green,Strongest vote for climate
S14000086,Glasgow North East,Green,green,Strongest vote for climate
S14000087,Glasgow South,Green,green,Strongest vote for climate
S14000034,Glasgow South,Green,green,Strongest vote for climate
S14000035,Glasgow South West,Green,green,Strongest vote for climate
S14000088,Glasgow South West,Green,green,Strongest vote for climate
S14000089,Glasgow West,Green,green,Strongest vote for climate
E14001247,Glastonbury and Somerton,Lib Dem,ld,Strongest vote for climate
S14000090,Glenrothes and Mid Fife,Lib Dem,ld,Strongest vote for climate
E14000712,Gloucester,Green,green,Strongest vote for climate
E14001248,Gloucester,Green,green,Strongest vote for climate
E14001249,Godalming and Ash,Lib Dem,ld,Strongest vote for climate
E14001250,Goole and Pocklington,Green,green,Strongest vote for climate
S14000091,Gordon and Buchan,Lib Dem,ld,Strongest vote for climate
E14001251,Gorton and Denton,Green,green,Strongest vote for climate
E14001252,Gosport,Green,green,Strongest vote for climate
E14000713,Gosport,Green,green,Strongest vote for climate
W07000046,Gower,Green,green,Strongest vote for climate
W07000097,Gower,Green,green,Strongest vote for climate
E14001253,Grantham and Bourne,Green,green,Strongest vote for climate
E14000715,Gravesham,Green,green,Strongest vote for climate
E14001254,Gravesham,Green,green,Strongest vote for climate
E14001255,Great Grimsby and Cleethorpes,Green,green,Strongest vote for climate
E14001256,Great Yarmouth,Green,green,Strongest vote for climate
E14000717,Great Yarmouth,Green,green,Strongest vote for climate
E14000718,Greenwich and Woolwich,Green,green,Strongest vote for climate
E14001257,Greenwich and Woolwich,Green,green,Strongest vote for climate
E14000719,Guildford,Lib Dem,ld,Strongest vote for climate
E14001258,Guildford,Lib Dem,ld,Strongest vote for climate
E14000720,Hackney North and Stoke Newington,Green,green,Strongest vote for climate
E14001259,Hackney North and Stoke Newington,Green,green,Strongest vote for climate
E14000721,Hackney South and Shoreditch,Green,green,Strongest vote for climate
E14001260,Hackney South and Shoreditch,Green,green,Strongest vote for climate
E14001261,Halesowen,Green,green,Strongest vote for climate
E14001262,Halifax,Green,green,Strongest vote for climate
E14000723,Halifax,Green,green,Strongest vote for climate
E14001263,Hamble Valley,Lib Dem,ld,Strongest vote for climate
S14000092,Hamilton and Clyde Valley,Lib Dem,ld,Strongest vote for climate
E14001264,Hammersmith and Chiswick,Green,green,Strongest vote for climate
E14001265,Hampstead and Highgate,Lib Dem,ld,Strongest vote for climate
E14001266,"Harborough, Oadby and Wigston",Green,green,Strongest vote for climate
E14001267,Harlow,Green,green,Strongest vote for climate
E14000729,Harlow,Green,green,Strongest vote for climate
E14001268,Harpenden and Berkhamsted,Lib Dem,ld,Strongest vote for climate
E14001269,Harrogate and Knaresborough,Lib Dem,ld,Strongest vote for climate
E14000730,Harrogate and Knaresborough,Lib Dem,ld,Strongest vote for climate
E14001270,Harrow East,Green,green,Strongest vote for climate
E14000731,Harrow East,Green,green,Strongest vote for climate
E14000732,Harrow West,Green,green,Strongest vote for climate
E14001271,Harrow West,Green,green,Strongest vote for climate
E14001272,Hartlepool,Green,green,Strongest vote for climate
E14000733,Hartlepool,Green,green,Strongest vote for climate
E14000734,Harwich and North Essex,Green,green,Strongest vote for climate
E14001273,Harwich and North Essex,Green,green,Strongest vote for climate
E14001274,Hastings and Rye,Green,green,Strongest vote for climate
E14000735,Hastings and Rye,Green,green,Strongest vote for climate
E14001275,Havant,Green,green,Strongest vote for climate
E14000736,Havant,Green,green,Strongest vote for climate
E14000737,Hayes and Harlington,Green,green,Strongest vote for climate
E14001276,Hayes and Harlington,Green,green,Strongest vote for climate
E14001277,Hazel Grove,Lib Dem,ld,Strongest vote for climate
E14000738,Hazel Grove,Lib Dem,ld,Strongest vote for climate
E14001278,Hemel Hempstead,Green,green,Strongest vote for climate
E14000739,Hemel Hempstead,Green,green,Strongest vote for climate
E14000741,Hendon,Green,green,Strongest vote for climate
E14001279,Hendon,Green,green,Strongest vote for climate
E14001280,Henley and Thame,Lib Dem,ld,Strongest vote for climate
E14000743,Hereford and South Herefordshire,Green,green,Strongest vote for climate
E14001281,Hereford and South Herefordshire,Green,green,Strongest vote for climate
E14001282,Herne Bay and Sandwich,Green,green,Strongest vote for climate
E14000744,Hertford and Stortford,Green,green,Strongest vote for climate
E14001283,Hertford and Stortford,Green,green,Strongest vote for climate
E14000745,Hertsmere,Green,green,Strongest vote for climate
E14001284,Hertsmere,Green,green,Strongest vote for climate
E14001285,Hexham,Green,green,Strongest vote for climate
E14000746,Hexham,Green,green,Strongest vote for climate
E14001286,Heywood and Middleton North,Lib Dem,ld,Strongest vote for climate
E14000748,High Peak,Green,green,Strongest vote for climate
E14001287,High Peak,Green,green,Strongest vote for climate
E14001288,Hinckley and Bosworth,Green,green,Strongest vote for climate
E14001289,Hitchin,Green,green,Strongest vote for climate
E14000750,Holborn and St Pancras,Green,green,Strongest vote for climate
E14001290,Holborn and St Pancras,Green,green,Strongest vote for climate
E14001291,Honiton and Sidmouth,Lib Dem,ld,Strongest vote for climate
E14001292,Hornchurch and Upminster,Green,green,Strongest vote for climate
E14000751,Hornchurch and Upminster,Green,green,Strongest vote for climate
E14001293,Hornsey and Friern Barnet,Lib Dem,ld,Strongest vote for climate
E14000753,Horsham,Lib Dem,ld,Strongest vote for climate
E14001294,Horsham,Lib Dem,ld,Strongest vote for climate
E14001295,Houghton and Sunderland South,Green,green,Strongest vote for climate
E14000754,Houghton and Sunderland South,Green,green,Strongest vote for climate
E14001296,Hove and Portslade,Green,green,Strongest vote for climate
E14001297,Huddersfield,Green,green,Strongest vote for climate
E14000756,Huddersfield,Green,green,Strongest vote for climate
E14000757,Huntingdon,Green,green,Strongest vote for climate
E14001298,Huntingdon,Green,green,Strongest vote for climate
E14000758,Hyndburn,Green,green,Strongest vote for climate
E14001299,Hyndburn,Green,green,Strongest vote for climate
E14001300,Ilford North,Green,green,Strongest vote for climate
E14000759,Ilford North,Green,green,Strongest vote for climate
E14001301,Ilford South,Green,green,Strongest vote for climate
E14000760,Ilford South,Green,green,Strongest vote for climate
S14000093,Inverclyde and Renfrewshire West,Green,green,Strongest vote for climate
S14000094,"Inverness, Skye and West Ross-shire",Green,green,Strongest vote for climate
E14001302,Ipswich,Green,green,Strongest vote for climate
E14000761,Ipswich,Green,green,Strongest vote for climate
E14001303,Isle of Wight East,Green,green,Strongest vote for climate
E14001304,Isle of Wight West,Green,green,Strongest vote for climate
E14001305,Islington North,Green,green,Strongest vote for climate
E14000763,Islington North,Green,green,Strongest vote for climate
E14000764,Islington South and Finsbury,Green,green,Strongest vote for climate
E14001306,Islington South and Finsbury,Green,green,Strongest vote for climate
E14001307,Jarrow and Gateshead East,Green,green,Strongest vote for climate
E14001308,Keighley and Ilkley,Green,green,Strongest vote for climate
E14001309,Kenilworth and Southam,Green,green,Strongest vote for climate
E14000767,Kenilworth and Southam,Green,green,Strongest vote for climate
E14001310,Kensington and Bayswater,Green,green,Strongest vote for climate
E14000769,Kettering,Green,green,Strongest vote for climate
E14001311,Kettering,Green,green,Strongest vote for climate
S14000040,Kilmarnock and Loudoun,Green,green,Strongest vote for climate
S14000040,Kilmarnock and Loudoun,Green,green,Strongest vote for climate
E14000770,Kingston and Surbiton,Lib Dem,ld,Strongest vote for climate
E14001312,Kingston and Surbiton,Lib Dem,ld,Strongest vote for climate
E14000771,Kingston upon Hull East,Green,green,Strongest vote for climate
E14001313,Kingston upon Hull East,Green,green,Strongest vote for climate
E14001314,Kingston upon Hull North and Cottingham,Green,green,Strongest vote for climate
E14001315,Kingston upon Hull West and Haltemprice,Green,green,Strongest vote for climate
E14001316,Kingswinford and South Staffordshire,Green,green,Strongest vote for climate
E14001317,Knowsley,Green,green,Strongest vote for climate
E14000775,Knowsley,Green,green,Strongest vote for climate
E14001318,Lancaster and Wyre,Green,green,Strongest vote for climate
E14001319,Leeds Central and Headingley,Green,green,Strongest vote for climate
E14001320,Leeds East,Green,green,Strongest vote for climate
E14000778,Leeds East,Green,green,Strongest vote for climate
E14000779,Leeds North East,Green,green,Strongest vote for climate
E14001321,Leeds North East,Green,green,Strongest vote for climate
E14000780,Leeds North West,Green,green,Strongest vote for climate
E14001322,Leeds North West,Green,green,Strongest vote for climate
E14001323,Leeds South,Green,green,Strongest vote for climate
E14001324,Leeds South West and Morley,Green,green,Strongest vote for climate
E14001325,Leeds West and Pudsey,Green,green,Strongest vote for climate
E14000782,Leicester East,Green,green,Strongest vote for climate
E14001326,Leicester East,Green,green,Strongest vote for climate
E14001327,Leicester South,Green,green,Strongest vote for climate
E14000783,Leicester South,Green,green,Strongest vote for climate
E14000784,Leicester West,Green,green,Strongest vote for climate
E14001328,Leicester West,Green,green,Strongest vote for climate
E14001329,Leigh and Atherton,Green,green,Strongest vote for climate
E14001330,Lewes,Lib Dem,ld,Strongest vote for climate
E14000786,Lewes,Lib Dem,ld,Strongest vote for climate
E14001331,Lewisham East,Green,green,Strongest vote for climate
E14000787,Lewisham East,Green,green,Strongest vote for climate
E14001332,Lewisham North,Green,green,Strongest vote for climate
E14001333,Lewisham West and East Dulwich,Green,green,Strongest vote for climate
E14001334,Leyton and Wanstead,Green,green,Strongest vote for climate
E14000790,Leyton and Wanstead,Green,green,Strongest vote for climate
E14001335,Lichfield,Green,green,Strongest vote for climate
E14000791,Lichfield,Green,green,Strongest vote for climate
E14000792,Lincoln,Green,green,Strongest vote for climate
E14001336,Lincoln,Green,green,Strongest vote for climate
E14001337,Liverpool Garston,Green,green,Strongest vote for climate
E14001338,Liverpool Riverside,Green,green,Strongest vote for climate
E14001339,Liverpool Walton,Green,green,Strongest vote for climate
E14001340,Liverpool Wavertree,Green,green,Strongest vote for climate
E14001341,Liverpool West Derby,Green,green,Strongest vote for climate
E14000793,"Liverpool, Riverside",Green,green,Strongest vote for climate
E14000794,"Liverpool, Walton",Green,green,Strongest vote for climate
E14000795,"Liverpool, Wavertree",Green,green,Strongest vote for climate
E14000796,"Liverpool, West Derby",Green,green,Strongest vote for climate
S14000044,Livingston,Green,green,Strongest vote for climate
S14000095,Livingston,Green,green,Strongest vote for climate
W07000045,Llanelli,Green,green,Strongest vote for climate
W07000098,Llanelli,Green,green,Strongest vote for climate
S14000096,Lothian East,Green,green,Strongest vote for climate
E14001342,Loughborough,Green,green,Strongest vote for climate
E14000797,Loughborough,Green,green,Strongest vote for climate
E14000798,Louth and Horncastle,Green,green,Strongest vote for climate
E14001343,Louth and Horncastle,Green,green,Strongest vote for climate
E14001344,Lowestoft,Green,green,Strongest vote for climate
E14000800,Luton North,Green,green,Strongest vote for climate
E14001345,Luton North,Green,green,Strongest vote for climate
E14001346,Luton South and South Bedfordshire,Green,green,Strongest vote for climate
E14001347,Macclesfield,Green,green,Strongest vote for climate
E14000802,Macclesfield,Green,green,Strongest vote for climate
E14000803,Maidenhead,Lib Dem,ld,Strongest vote for climate
E14001348,Maidenhead,Lib Dem,ld,Strongest vote for climate
E14001349,Maidstone and Malling,Green,green,Strongest vote for climate
E14001350,Makerfield,Green,green,Strongest vote for climate
E14000805,Makerfield,Green,green,Strongest vote for climate
E14000806,Maldon,Green,green,Strongest vote for climate
E14001351,Maldon,Green,green,Strongest vote for climate
E14001352,Manchester Central,Green,green,Strongest vote for climate
E14000807,Manchester Central,Green,green,Strongest vote for climate
E14001353,Manchester Rusholme,Green,green,Strongest vote for climate
E14001354,Manchester Withington,Lib Dem,ld,Strongest vote for climate
E14000809,"Manchester, Withington",Lib Dem,ld,Strongest vote for climate
E14000810,Mansfield,Green,green,Strongest vote for climate
E14001355,Mansfield,Green,green,Strongest vote for climate
E14001356,Melksham and Devizes,Lib Dem,ld,Strongest vote for climate
E14001357,Melton and Syston,Green,green,Strongest vote for climate
E14001358,Meriden and Solihull East,Green,green,Strongest vote for climate
W07000099,Merthyr Tydfil and Aberdare,Green,green,Strongest vote for climate
W07000100,Mid and South Pembrokeshire,Green,green,Strongest vote for climate
E14001359,Mid Bedfordshire,Green,green,Strongest vote for climate
E14000813,Mid Bedfordshire,Green,green,Strongest vote for climate
E14001360,Mid Buckinghamshire,Lib Dem,ld,Strongest vote for climate
E14001361,Mid Cheshire,Green,green,Strongest vote for climate
E14000814,Mid Derbyshire,Green,green,Strongest vote for climate
E14001362,Mid Derbyshire,Green,green,Strongest vote for climate
E14000815,Mid Dorset and North Poole,Lib Dem,ld,Strongest vote for climate
E14001363,Mid Dorset and North Poole,Lib Dem,ld,Strongest vote for climate
S14000097,Mid Dunbartonshire,Lib Dem,ld,Strongest vote for climate
E14001364,Mid Leicestershire,Green,green,Strongest vote for climate
E14001365,Mid Norfolk,Green,green,Strongest vote for climate
E14000816,Mid Norfolk,Green,green,Strongest vote for climate
E14000817,Mid Sussex,Lib Dem,ld,Strongest vote for climate
E14001366,Mid Sussex,Lib Dem,ld,Strongest vote for climate
E14001367,Middlesbrough and Thornaby East,Green,green,Strongest vote for climate
E14001368,Middlesbrough South and East Cleveland,Green,green,Strongest vote for climate
E14000820,Middlesbrough South and East Cleveland,Green,green,Strongest vote for climate
S14000045,Midlothian,Lib Dem,ld,Strongest vote for climate
S14000045,Midlothian,Lib Dem,ld,Strongest vote for climate
E14001369,Milton Keynes Central,Green,green,Strongest vote for climate
E14001370,Milton Keynes North,Green,green,Strongest vote for climate
E14000821,Milton Keynes North,Green,green,Strongest vote for climate
E14000823,Mitcham and Morden,Green,green,Strongest vote for climate
E14001371,Mitcham and Morden,Green,green,Strongest vote for climate
W07000101,Monmouthshire,Green,green,Strongest vote for climate
W07000102,Montgomeryshire and Glyndwr,Green,green,Strongest vote for climate
S14000098,"Moray West, Nairn and Strathspey",Green,green,Strongest vote for climate
E14001372,Morecambe and Lunesdale,Green,green,Strongest vote for climate
E14000825,Morecambe and Lunesdale,Green,green,Strongest vote for climate
S14000099,"Motherwell, Wishaw and Carluke",Green,green,Strongest vote for climate
S14000027,Na h-Eileanan an Iar,Lib Dem,ld,Strongest vote for climate
S14000027,Na h-Eileanan An Iar,Lib Dem,ld,Strongest vote for climate
W07000103,Neath and Swansea East,Green,green,Strongest vote for climate
E14000827,New Forest East,Green,green,Strongest vote for climate
E14001373,New Forest East,Green,green,Strongest vote for climate
E14000828,New Forest West,Green,green,Strongest vote for climate
E14001374,New Forest West,Green,green,Strongest vote for climate
E14000829,Newark,Green,green,Strongest vote for climate
E14001375,Newark,Green,green,Strongest vote for climate
E14000830,Newbury,Lib Dem,ld,Strongest vote for climate
E14001376,Newbury,Lib Dem,ld,Strongest vote for climate
E14001377,Newcastle upon Tyne Central and West,Green,green,Strongest vote for climate
E14001378,Newcastle upon Tyne East and Wallsend,Green,green,Strongest vote for climate
E14000833,Newcastle Upon Tyne North,Green,green,Strongest vote for climate
E14001379,Newcastle upon Tyne North,Green,green,Strongest vote for climate
E14000834,Newcastle-Under-Lyme,Green,green,Strongest vote for climate
E14001380,Newcastle-under-Lyme,Green,green,Strongest vote for climate
W07000104,Newport East,Green,green,Strongest vote for climate
W07000055,Newport East,Green,green,Strongest vote for climate
W07000105,Newport West and Islwyn,Green,green,Strongest vote for climate
E14000835,Newton Abbot,Lib Dem,ld,Strongest vote for climate
E14001381,Newton Abbot,Lib Dem,ld,Strongest vote for climate
E14001382,Newton Aycliffe and Spennymoor,Green,green,Strongest vote for climate
E14001383,Normanton and Hemsworth,Green,green,Strongest vote for climate
S14000048,North Ayrshire and Arran,Green,green,Strongest vote for climate
S14000048,North Ayrshire and Arran,Green,green,Strongest vote for climate
E14001384,North Bedfordshire,Green,green,Strongest vote for climate
E14001385,North Cornwall,Lib Dem,ld,Strongest vote for climate
E14000837,North Cornwall,Lib Dem,ld,Strongest vote for climate
E14001386,North Cotswolds,Lib Dem,ld,Strongest vote for climate
E14000838,North Devon,Lib Dem,ld,Strongest vote for climate
E14001387,North Devon,Lib Dem,ld,Strongest vote for climate
E14000839,North Dorset,Lib Dem,ld,Strongest vote for climate
E14001388,North Dorset,Lib Dem,ld,Strongest vote for climate
E14001389,North Durham,Green,green,Strongest vote for climate
E14000840,North Durham,Green,green,Strongest vote for climate
E14000842,North East Cambridgeshire,Green,green,Strongest vote for climate
E14001390,North East Cambridgeshire,Green,green,Strongest vote for climate
E14001391,North East Derbyshire,Green,green,Strongest vote for climate
E14000843,North East Derbyshire,Green,green,Strongest vote for climate
S14000049,North East Fife,Lib Dem,ld,Strongest vote for climate
S14000100,North East Fife,Lib Dem,ld,Strongest vote for climate
E14000844,North East Hampshire,Lib Dem,ld,Strongest vote for climate
E14001392,North East Hampshire,Lib Dem,ld,Strongest vote for climate
E14000845,North East Hertfordshire,Green,green,Strongest vote for climate
E14001393,North East Hertfordshire,Green,green,Strongest vote for climate
E14001394,North East Somerset and Hanham,Green,green,Strongest vote for climate
E14001395,North Herefordshire,Green,green,Strongest vote for climate
E14000847,North Herefordshire,Green,green,Strongest vote for climate
E14000848,North Norfolk,Lib Dem,ld,Strongest vote for climate
E14001396,North Norfolk,Lib Dem,ld,Strongest vote for climate
E14001397,North Northumberland,Green,green,Strongest vote for climate
E14001398,North Shropshire,Lib Dem,ld,Strongest vote for climate
E14000849,North Shropshire,Lib Dem,ld,Strongest vote for climate
E14000850,North Somerset,Green,green,Strongest vote for climate
E14001399,North Somerset,Green,green,Strongest vote for climate
E14001400,North Warwickshire and Bedworth,Green,green,Strongest vote for climate
E14001401,North West Cambridgeshire,Green,green,Strongest vote for climate
E14000855,North West Cambridgeshire,Green,green,Strongest vote for climate
E14001402,North West Essex,Green,green,Strongest vote for climate
E14001403,North West Hampshire,Green,green,Strongest vote for climate
E14000857,North West Hampshire,Green,green,Strongest vote for climate
E14001404,North West Leicestershire,Green,green,Strongest vote for climate
E14000858,North West Leicestershire,Green,green,Strongest vote for climate
E14001405,North West Norfolk,Green,green,Strongest vote for climate
E14000859,North West Norfolk,Green,green,Strongest vote for climate
E14001406,Northampton North,Green,green,Strongest vote for climate
E14000861,Northampton North,Green,green,Strongest vote for climate
E14001407,Northampton South,Green,green,Strongest vote for climate
E14000862,Northampton South,Green,green,Strongest vote for climate
E14001408,Norwich North,Green,green,Strongest vote for climate
E14000863,Norwich North,Green,green,Strongest vote for climate
E14001409,Norwich South,Green,green,Strongest vote for climate
E14000864,Norwich South,Green,green,Strongest vote for climate
E14001410,Nottingham East,Green,green,Strongest vote for climate
E14000865,Nottingham East,Green,green,Strongest vote for climate
E14001411,Nottingham North and Kimberley,Green,green,Strongest vote for climate
E14001412,Nottingham South,Green,green,Strongest vote for climate
E14000867,Nottingham South,Green,green,Strongest vote for climate
E14000868,Nuneaton,Green,green,Strongest vote for climate
E14001413,Nuneaton,Green,green,Strongest vote for climate
E14001414,Old Bexley and Sidcup,Green,green,Strongest vote for climate
E14000869,Old Bexley and Sidcup,Green,green,Strongest vote for climate
E14001415,Oldham East and Saddleworth,Green,green,Strongest vote for climate
E14000870,Oldham East and Saddleworth,Green,green,Strongest vote for climate
E14001416,"Oldham West, Chadderton and Royton",Green,green,Strongest vote for climate
S14000051,Orkney and Shetland,Lib Dem,ld,Strongest vote for climate
S14000051,Orkney and Shetland,Lib Dem,ld,Strongest vote for climate
E14000872,Orpington,Green,green,Strongest vote for climate
E14001417,Orpington,Green,green,Strongest vote for climate
E14001418,Ossett and Denby Dale,Green,green,Strongest vote for climate
E14001419,Oxford East,Green,green,Strongest vote for climate
E14000873,Oxford East,Green,green,Strongest vote for climate
E14001420,Oxford West and Abingdon,Lib Dem,ld,Strongest vote for climate
E14000874,Oxford West and Abingdon,Lib Dem,ld,Strongest vote for climate
S14000101,Paisley and Renfrewshire North,Green,green,Strongest vote for climate
S14000052,Paisley and Renfrewshire North,Green,green,Strongest vote for climate
S14000102,Paisley and Renfrewshire South,Green,green,Strongest vote for climate
S14000053,Paisley and Renfrewshire South,Green,green,Strongest vote for climate
E14001421,Peckham,Green,green,Strongest vote for climate
E14001422,Pendle and Clitheroe,Green,green,Strongest vote for climate
E14000876,Penistone and Stocksbridge,Green,green,Strongest vote for climate
E14001423,Penistone and Stocksbridge,Green,green,Strongest vote for climate
E14001424,Penrith and Solway,Green,green,Strongest vote for climate
S14000103,Perth and Kinross-shire,Lib Dem,ld,Strongest vote for climate
E14000878,Peterborough,Green,green,Strongest vote for climate
E14001425,Peterborough,Green,green,Strongest vote for climate
E14001426,Plymouth Moor View,Green,green,Strongest vote for climate
E14001427,Plymouth Sutton and Devonport,Green,green,Strongest vote for climate
E14000879,"Plymouth, Moor View",Green,green,Strongest vote for climate
E14000880,"Plymouth, Sutton and Devonport",Green,green,Strongest vote for climate
E14001428,"Pontefract, Castleford and Knottingley",Green,green,Strongest vote for climate
W07000075,Pontypridd,Green,green,Strongest vote for climate
W07000106,Pontypridd,Green,green,Strongest vote for climate
E14000881,Poole,Green,green,Strongest vote for climate
E14001429,Poole,Green,green,Strongest vote for climate
E14000882,Poplar and Limehouse,Lib Dem,ld,Strongest vote for climate
E14001430,Poplar and Limehouse,Lib Dem,ld,Strongest vote for climate
E14001431,Portsmouth North,Green,green,Strongest vote for climate
E14000883,Portsmouth North,Green,green,Strongest vote for climate
E14001432,Portsmouth South,Green,green,Strongest vote for climate
E14000884,Portsmouth South,Green,green,Strongest vote for climate
E14000885,Preston,Green,green,Strongest vote for climate
E14001433,Preston,Green,green,Strongest vote for climate
E14001434,Putney,Green,green,Strongest vote for climate
E14000887,Putney,Green,green,Strongest vote for climate
E14001435,Queen's Park and Maida Vale,Lib Dem,ld,Strongest vote for climate
E14001436,Rawmarsh and Conisbrough,Green,green,Strongest vote for climate
E14000888,Rayleigh and Wickford,Green,green,Strongest vote for climate
E14001437,Rayleigh and Wickford,Green,green,Strongest vote for climate
E14001438,Reading Central,Green,green,Strongest vote for climate
E14001439,Reading West and Mid Berkshire,Green,green,Strongest vote for climate
E14000891,Redcar,Green,green,Strongest vote for climate
E14001440,Redcar,Green,green,Strongest vote for climate
E14001441,Redditch,Green,green,Strongest vote for climate
E14000892,Redditch,Green,green,Strongest vote for climate
E14000893,Reigate,Green,green,Strongest vote for climate
E14001442,Reigate,Green,green,Strongest vote for climate
W07000107,Rhondda and Ogmore,Green,green,Strongest vote for climate
E14001443,Ribble Valley,Green,green,Strongest vote for climate
E14000894,Ribble Valley,Green,green,Strongest vote for climate
E14001444,Richmond and Northallerton,Green,green,Strongest vote for climate
E14000896,Richmond Park,Lib Dem,ld,Strongest vote for climate
E14001445,Richmond Park,Lib Dem,ld,Strongest vote for climate
E14001446,Rochdale,Green,green,Strongest vote for climate
E14000897,Rochdale,Green,green,Strongest vote for climate
E14001447,Rochester and Strood,Green,green,Strongest vote for climate
E14000898,Rochester and Strood,Green,green,Strongest vote for climate
E14001448,Romford,Green,green,Strongest vote for climate
E14000900,Romford,Green,green,Strongest vote for climate
E14001449,Romsey and Southampton North,Lib Dem,ld,Strongest vote for climate
E14000901,Romsey and Southampton North,Lib Dem,ld,Strongest vote for climate
E14000902,Rossendale and Darwen,Green,green,Strongest vote for climate
E14001450,Rossendale and Darwen,Green,green,Strongest vote for climate
E14001451,Rother Valley,Green,green,Strongest vote for climate
E14000903,Rother Valley,Green,green,Strongest vote for climate
E14001452,Rotherham,Green,green,Strongest vote for climate
E14000904,Rotherham,Green,green,Strongest vote for climate
E14000905,Rugby,Green,green,Strongest vote for climate
E14001453,Rugby,Green,green,Strongest vote for climate
E14000906,"Ruislip, Northwood and Pinner",Green,green,Strongest vote for climate
E14001454,"Ruislip, Northwood and Pinner",Green,green,Strongest vote for climate
E14001455,Runcorn and Helsby,Green,green,Strongest vote for climate
E14000907,Runnymede and Weybridge,Lib Dem,ld,Strongest vote for climate
E14001456,Runnymede and Weybridge,Lib Dem,ld,Strongest vote for climate
E14001457,Rushcliffe,Green,green,Strongest vote for climate
E14000908,Rushcliffe,Green,green,Strongest vote for climate
S14000104,Rutherglen,Lib Dem,ld,Strongest vote for climate
E14001458,Rutland and Stamford,Green,green,Strongest vote for climate
E14001459,Salford,Green,green,Strongest vote for climate
E14001460,Salisbury,Lib Dem,ld,Strongest vote for climate
E14000912,Salisbury,Lib Dem,ld,Strongest vote for climate
E14001461,Scarborough and Whitby,Green,green,Strongest vote for climate
E14000913,Scarborough and Whitby,Green,green,Strongest vote for climate
E14001462,Scunthorpe,Green,green,Strongest vote for climate
E14000914,Scunthorpe,Green,green,Strongest vote for climate
E14001463,Sefton Central,Green,green,Strongest vote for climate
E14000916,Sefton Central,Green,green,Strongest vote for climate
E14001464,Selby,Green,green,Strongest vote for climate
E14001465,Sevenoaks,Lib Dem,ld,Strongest vote for climate
E14000918,Sevenoaks,Lib Dem,ld,Strongest vote for climate
E14001466,Sheffield Brightside and Hillsborough,Green,green,Strongest vote for climate
E14001467,Sheffield Central,Green,green,Strongest vote for climate
E14000919,Sheffield Central,Green,green,Strongest vote for climate
E14001468,Sheffield Hallam,Lib Dem,ld,Strongest vote for climate
E14001469,Sheffield Heeley,Green,green,Strongest vote for climate
E14000920,Sheffield South East,Green,green,Strongest vote for climate
E14001470,Sheffield South East,Green,green,Strongest vote for climate
E14000921,"Sheffield, Brightside and Hillsborough",Green,green,Strongest vote for climate
E14000922,"Sheffield, Hallam",Lib Dem,ld,Strongest vote for climate
E14000923,"Sheffield, Heeley",Green,green,Strongest vote for climate
E14001471,Sherwood Forest,Green,green,Strongest vote for climate
E14000925,Shipley,Green,green,Strongest vote for climate
E14001472,Shipley,Green,green,Strongest vote for climate
E14001473,Shrewsbury,Green,green,Strongest vote for climate
E14000927,Sittingbourne and Sheppey,Green,green,Strongest vote for climate
E14001474,Sittingbourne and Sheppey,Green,green,Strongest vote for climate
E14000928,Skipton and Ripon,Green,green,Strongest vote for climate
E14001475,Skipton and Ripon,Green,green,Strongest vote for climate
E14000929,Sleaford and North Hykeham,Green,green,Strongest vote for climate
E14001476,Sleaford and North Hykeham,Green,green,Strongest vote for climate
E14001477,Slough,Green,green,Strongest vote for climate
E14000930,Slough,Green,green,Strongest vote for climate
E14001478,Smethwick,Green,green,Strongest vote for climate
E14001479,Solihull West and Shirley,Green,green,Strongest vote for climate
E14000933,South Basildon and East Thurrock,Green,green,Strongest vote for climate
E14001480,South Basildon and East Thurrock,Green,green,Strongest vote for climate
E14000934,South Cambridgeshire,Lib Dem,ld,Strongest vote for climate
E14001481,South Cambridgeshire,Lib Dem,ld,Strongest vote for climate
E14001482,South Cotswolds,Lib Dem,ld,Strongest vote for climate
E14001483,South Derbyshire,Green,green,Strongest vote for climate
E14000935,South Derbyshire,Green,green,Strongest vote for climate
E14001484,South Devon,Lib Dem,ld,Strongest vote for climate
E14000936,South Dorset,Green,green,Strongest vote for climate
E14001485,South Dorset,Green,green,Strongest vote for climate
E14001486,South East Cornwall,Green,green,Strongest vote for climate
E14000938,South East Cornwall,Green,green,Strongest vote for climate
E14001487,South Holland and The Deepings,Green,green,Strongest vote for climate
E14000939,South Holland and The Deepings,Green,green,Strongest vote for climate
E14001488,South Leicestershire,Green,green,Strongest vote for climate
E14000940,South Leicestershire,Green,green,Strongest vote for climate
E14000941,South Norfolk,Green,green,Strongest vote for climate
E14001489,South Norfolk,Green,green,Strongest vote for climate
E14001490,South Northamptonshire,Green,green,Strongest vote for climate
E14000942,South Northamptonshire,Green,green,Strongest vote for climate
E14001491,South Ribble,Green,green,Strongest vote for climate
E14000943,South Ribble,Green,green,Strongest vote for climate
E14000944,South Shields,Green,green,Strongest vote for climate
E14001492,South Shields,Green,green,Strongest vote for climate
E14001493,South Shropshire,Lib Dem,ld,Strongest vote for climate
E14001494,South Suffolk,Green,green,Strongest vote for climate
E14000946,South Suffolk,Green,green,Strongest vote for climate
E14000950,South West Devon,Green,green,Strongest vote for climate
E14001495,South West Devon,Green,green,Strongest vote for climate
E14001496,South West Hertfordshire,Green,green,Strongest vote for climate
E14000951,South West Hertfordshire,Green,green,Strongest vote for climate
E14001497,South West Norfolk,Green,green,Strongest vote for climate
E14000952,South West Norfolk,Green,green,Strongest vote for climate
E14000954,South West Wiltshire,Green,green,Strongest vote for climate
E14001498,South West Wiltshire,Green,green,Strongest vote for climate
E14001499,Southampton Itchen,Green,green,Strongest vote for climate
E14001500,Southampton Test,Green,green,Strongest vote for climate
E14000955,"Southampton, Itchen",Green,green,Strongest vote for climate
E14000956,"Southampton, Test",Green,green,Strongest vote for climate
E14001501,Southend East and Rochford,Green,green,Strongest vote for climate
E14001502,Southend West and Leigh,Green,green,Strongest vote for climate
E14001503,Southgate and Wood Green,Green,green,Strongest vote for climate
E14000958,Southport,Green,green,Strongest vote for climate
E14001504,Southport,Green,green,Strongest vote for climate
E14001505,Spelthorne,Green,green,Strongest vote for climate
E14000959,Spelthorne,Green,green,Strongest vote for climate
E14001506,Spen Valley,Green,green,Strongest vote for climate
E14000960,St Albans,Lib Dem,ld,Strongest vote for climate
E14001507,St Albans,Lib Dem,ld,Strongest vote for climate
E14001508,St Austell and Newquay,Green,green,Strongest vote for climate
E14000961,St Austell and Newquay,Green,green,Strongest vote for climate
E14001509,St Helens North,Green,green,Strongest vote for climate
E14000962,St Helens North,Green,green,Strongest vote for climate
E14001510,St Helens South and Whiston,Green,green,Strongest vote for climate
E14000963,St Helens South and Whiston,Green,green,Strongest vote for climate
E14000964,St Ives,Lib Dem,ld,Strongest vote for climate
E14001511,St Ives,Lib Dem,ld,Strongest vote for climate
E14001512,St Neots and Mid Cambridgeshire,Lib Dem,ld,Strongest vote for climate
E14001513,Stafford,Green,green,Strongest vote for climate
E14000965,Stafford,Green,green,Strongest vote for climate
E14000966,Staffordshire Moorlands,Green,green,Strongest vote for climate
E14001514,Staffordshire Moorlands,Green,green,Strongest vote for climate
E14000967,Stalybridge and Hyde,Green,green,Strongest vote for climate
E14001515,Stalybridge and Hyde,Green,green,Strongest vote for climate
E14000968,Stevenage,Green,green,Strongest vote for climate
E14001516,Stevenage,Green,green,Strongest vote for climate
S14000105,Stirling and Strathallan,Green,green,Strongest vote for climate
E14001517,Stockport,Green,green,Strongest vote for climate
E14000969,Stockport,Green,green,Strongest vote for climate
E14001518,Stockton North,Green,green,Strongest vote for climate
E14000970,Stockton North,Green,green,Strongest vote for climate
E14001519,Stockton West,Green,green,Strongest vote for climate
E14001520,Stoke-on-Trent Central,Green,green,Strongest vote for climate
E14000972,Stoke-On-Trent Central,Green,green,Strongest vote for climate
E14001521,Stoke-on-Trent North,Green,green,Strongest vote for climate
E14000973,Stoke-On-Trent North,Green,green,Strongest vote for climate
E14000974,Stoke-On-Trent South,Green,green,Strongest vote for climate
E14001522,Stoke-on-Trent South,Green,green,Strongest vote for climate
E14001523,"Stone, Great Wyrley and Penkridge",Green,green,Strongest vote for climate
E14000976,Stourbridge,Green,green,Strongest vote for climate
E14001524,Stourbridge,Green,green,Strongest vote for climate
E14001525,Stratford and Bow,Green,green,Strongest vote for climate
E14001526,Stratford-on-Avon,Lib Dem,ld,Strongest vote for climate
E14000977,Stratford-On-Avon,Lib Dem,ld,Strongest vote for climate
E14001527,Streatham and Croydon North,Green,green,Strongest vote for climate
E14000979,Stretford and Urmston,Green,green,Strongest vote for climate
E14001528,Stretford and Urmston,Green,green,Strongest vote for climate
E14001529,Stroud,Green,green,Strongest vote for climate
E14000980,Stroud,Green,green,Strongest vote for climate
E14000981,Suffolk Coastal,Green,green,Strongest vote for climate
E14001530,Suffolk Coastal,Green,green,Strongest vote for climate
E14001531,Sunderland Central,Green,green,Strongest vote for climate
E14000982,Sunderland Central,Green,green,Strongest vote for climate
E14000983,Surrey Heath,Lib Dem,ld,Strongest vote for climate
E14001532,Surrey Heath,Lib Dem,ld,Strongest vote for climate
E14001533,Sussex Weald,Lib Dem,ld,Strongest vote for climate
E14001534,Sutton and Cheam,Lib Dem,ld,Strongest vote for climate
E14000984,Sutton and Cheam,Lib Dem,ld,Strongest vote for climate
E14000985,Sutton Coldfield,Green,green,Strongest vote for climate
E14001535,Sutton Coldfield,Green,green,Strongest vote for climate
W07000108,Swansea West,Green,green,Strongest vote for climate
W07000047,Swansea West,Green,green,Strongest vote for climate
E14001536,Swindon North,Green,green,Strongest vote for climate
E14001537,Swindon South,Green,green,Strongest vote for climate
E14001538,Tamworth,Green,green,Strongest vote for climate
E14000986,Tamworth,Green,green,Strongest vote for climate
E14001539,Tatton,Green,green,Strongest vote for climate
E14000987,Tatton,Green,green,Strongest vote for climate
E14001540,Taunton and Wellington,Lib Dem,ld,Strongest vote for climate
E14000989,Telford,Green,green,Strongest vote for climate
E14001541,Telford,Green,green,Strongest vote for climate
E14001542,Tewkesbury,Lib Dem,ld,Strongest vote for climate
E14000990,Tewkesbury,Lib Dem,ld,Strongest vote for climate
E14000992,The Wrekin,Green,green,Strongest vote for climate
E14001543,The Wrekin,Green,green,Strongest vote for climate
E14000993,Thirsk and Malton,Green,green,Strongest vote for climate
E14001544,Thirsk and Malton,Green,green,Strongest vote for climate
E14000994,Thornbury and Yate,Lib Dem,ld,Strongest vote for climate
E14001545,Thornbury and Yate,Lib Dem,ld,Strongest vote for climate
E14001546,Thurrock,Green,green,Strongest vote for climate
E14000995,Thurrock,Green,green,Strongest vote for climate
E14001547,Tipton and Wednesbury,Green,green,Strongest vote for climate
E14001548,Tiverton and Minehead,Lib Dem,ld,Strongest vote for climate
E14001549,Tonbridge,Green,green,Strongest vote for climate
E14001550,Tooting,Green,green,Strongest vote for climate
E14000998,Tooting,Green,green,Strongest vote for climate
E14000999,Torbay,Lib Dem,ld,Strongest vote for climate
E14001551,Torbay,Lib Dem,ld,Strongest vote for climate
W07000109,Torfaen,Green,green,Strongest vote for climate
W07000053,Torfaen,Green,green,Strongest vote for climate
E14001552,Torridge and Tavistock,Green,green,Strongest vote for climate
E14001002,Tottenham,Green,green,Strongest vote for climate
E14001553,Tottenham,Green,green,Strongest vote for climate
E14001554,Truro and Falmouth,Green,green,Strongest vote for climate
E14001003,Truro and Falmouth,Green,green,Strongest vote for climate
E14001004,Tunbridge Wells,Lib Dem,ld,Strongest vote for climate
E14001555,Tunbridge Wells,Lib Dem,ld,Strongest vote for climate
E14001005,Twickenham,Lib Dem,ld,Strongest vote for climate
E14001556,Twickenham,Lib Dem,ld,Strongest vote for climate
E14001006,Tynemouth,Green,green,Strongest vote for climate
E14001557,Tynemouth,Green,green,Strongest vote for climate
E14001558,Uxbridge and South Ruislip,Green,green,Strongest vote for climate
E14001007,Uxbridge and South Ruislip,Green,green,Strongest vote for climate
W07000078,Vale Of Glamorgan,Green,green,Strongest vote for climate
W07000110,Vale of Glamorgan,Green,green,Strongest vote for climate
E14001559,Vauxhall and Camberwell Green,Green,green,Strongest vote for climate
E14001560,Wakefield and Rothwell,Green,green,Strongest vote for climate
E14001010,Wallasey,Green,green,Strongest vote for climate
E14001561,Wallasey,Green,green,Strongest vote for climate
E14001562,Walsall and Bloxwich,Green,green,Strongest vote for climate
E14001013,Walthamstow,Green,green,Strongest vote for climate
E14001563,Walthamstow,Green,green,Strongest vote for climate
E14001017,Warrington North,Green,green,Strongest vote for climate
E14001564,Warrington North,Green,green,Strongest vote for climate
E14001565,Warrington South,Green,green,Strongest vote for climate
E14001018,Warrington South,Green,green,Strongest vote for climate
E14001566,Warwick and Leamington,Green,green,Strongest vote for climate
E14001019,Warwick and Leamington,Green,green,Strongest vote for climate
E14001567,Washington and Gateshead South,Green,green,Strongest vote for climate
E14001568,Watford,Green,green,Strongest vote for climate
E14001021,Watford,Green,green,Strongest vote for climate
E14001569,Waveney Valley,Green,green,Strongest vote for climate
E14001570,Weald of Kent,Green,green,Strongest vote for climate
E14001571,Wellingborough and Rushden,Green,green,Strongest vote for climate
E14001572,Wells and Mendip Hills,Lib Dem,ld,Strongest vote for climate
E14001027,Welwyn Hatfield,Green,green,Strongest vote for climate
E14001573,Welwyn Hatfield,Green,green,Strongest vote for climate
S14000058,West Aberdeenshire and Kincardine,Green,green,Strongest vote for climate
S14000058,West Aberdeenshire and Kincardine,Green,green,Strongest vote for climate
E14001574,West Bromwich,Green,green,Strongest vote for climate
E14001031,West Dorset,Lib Dem,ld,Strongest vote for climate
E14001575,West Dorset,Lib Dem,ld,Strongest vote for climate
S14000059,West Dunbartonshire,Green,green,Strongest vote for climate
S14000106,West Dunbartonshire,Green,green,Strongest vote for climate
E14001576,West Ham and Beckton,Green,green,Strongest vote for climate
E14001033,West Lancashire,Green,green,Strongest vote for climate
E14001577,West Lancashire,Green,green,Strongest vote for climate
E14001034,West Suffolk,Green,green,Strongest vote for climate
E14001578,West Suffolk,Green,green,Strongest vote for climate
E14001035,West Worcestershire,Lib Dem,ld,Strongest vote for climate
E14001579,West Worcestershire,Lib Dem,ld,Strongest vote for climate
E14001037,Westmorland and Lonsdale,Lib Dem,ld,Strongest vote for climate
E14001580,Westmorland and Lonsdale,Lib Dem,ld,Strongest vote for climate
E14001038,Weston-Super-Mare,Green,green,Strongest vote for climate
E14001581,Weston-super-Mare,Green,green,Strongest vote for climate
E14001582,Wetherby and Easingwold,Green,green,Strongest vote for climate
E14001583,Whitehaven and Workington,Green,green,Strongest vote for climate
E14001584,Widnes and Halewood,Green,green,Strongest vote for climate
E14001585,Wigan,Green,green,Strongest vote for climate
E14001039,Wigan,Green,green,Strongest vote for climate
E14001586,Wimbledon,Lib Dem,ld,Strongest vote for climate
E14001040,Wimbledon,Lib Dem,ld,Strongest vote for climate
E14001041,Winchester,Lib Dem,ld,Strongest vote for climate
E14001587,Winchester,Lib Dem,ld,Strongest vote for climate
E14001588,Windsor,Green,green,Strongest vote for climate
E14001042,Windsor,Green,green,Strongest vote for climate
E14001589,Wirral West,Green,green,Strongest vote for climate
E14001044,Wirral West,Green,green,Strongest vote for climate
E14001045,Witham,Green,green,Strongest vote for climate
E14001590,Witham,Green,green,Strongest vote for climate
E14001046,Witney,Lib Dem,ld,Strongest vote for climate
E14001591,Witney,Lib Dem,ld,Strongest vote for climate
E14001047,Woking,Lib Dem,ld,Strongest vote for climate
E14001592,Woking,Lib Dem,ld,Strongest vote for climate
E14001593,Wokingham,Lib Dem,ld,Strongest vote for climate
E14001048,Wokingham,Lib Dem,ld,Strongest vote for climate
E14001049,Wolverhampton North East,Green,green,Strongest vote for climate
E14001594,Wolverhampton North East,Green,green,Strongest vote for climate
E14001595,Wolverhampton South East,Green,green,Strongest vote for climate
E14001050,Wolverhampton South East,Green,green,Strongest vote for climate
E14001596,Wolverhampton West,Green,green,Strongest vote for climate
E14001052,Worcester,Green,green,Strongest vote for climate
E14001597,Worcester,Green,green,Strongest vote for climate
E14001598,Worsley and Eccles,Green,green,Strongest vote for climate
E14001599,Worthing West,Green,green,Strongest vote for climate
E14001055,Worthing West,Green,green,Strongest vote for climate
W07000111,Wrexham,Green,green,Strongest vote for climate
W07000044,Wrexham,Green,green,Strongest vote for climate
E14001600,Wycombe,Green,green,Strongest vote for climate
E14001056,Wycombe,Green,green,Strongest vote for climate
E14001058,Wyre Forest,Green,green,Strongest vote for climate
E14001601,Wyre Forest,Green,green,Strongest vote for climate
E14001059,Wythenshawe and Sale East,Green,green,Strongest vote for climate
E14001602,Wythenshawe and Sale East,Green,green,Strongest vote for climate
E14001603,Yeovil,Lib Dem,ld,Strongest vote for climate
E14001060,Yeovil,Lib Dem,ld,Strongest vote for climate
W07000112,Ynys Mon,Green,green,Strongest vote for climate
W07000041,Ynys Mon,Green,green,Strongest vote for climate
E14001604,York Central,Green,green,Strongest vote for climate
E14001061,York Central,Green,green,Strongest vote for climate
E14001062,York Outer,Green,green,Strongest vote for climate
E14001605,York Outer,Green,green,Strongest vote for climate
