1	574	Liverpool Walton	Steve Rotheram	62,868	61.1	11.7	77.0	4.5	5.0	1.6	0.0	0.0	0.2	LAB	LAB
2	573	Knowsley	George Howarth	79,109	64.1	13.9	73.8	5.2	5.5	1.6	0.0	0.0	0.0	LAB	LAB
3	572	Liverpool West Derby	Stephen Twigg	63,875	64.2	13.4	70.8	4.4	4.7	1.6	0.0	0.0	5.0	LAB	LAB
4	571	East Ham	Stephen Timms	87,378	59.8	17.8	73.1	3.4	2.8	1.6	0.0	0.0	1.3	LAB	LAB
5	570	Bootle	Peter Dowd	70,137	64.4	15.9	70.1	4.6	6.1	2.1	0.0	0.0	1.1	LAB	LAB
6	569	Birmingham Ladywood	Shabana Mahmood	68,128	52.7	19.0	69.1	5.7	2.8	2.7	0.0	0.0	0.6	LAB	LAB
7	568	Liverpool Wavertree	Luciana Berger	61,731	66.4	17.5	65.0	8.3	4.6	3.4	0.0	0.0	1.3	LAB	LAB
8	567	Liverpool Riverside	Louise Ellman	70,950	62.4	18.1	63.1	6.5	3.2	7.8	0.0	0.0	1.4	LAB	LAB
9	566	Birmingham Hodge Hill	Liam Byrne	75,302	54.5	19.2	63.9	8.8	6.4	1.3	0.0	0.0	0.4	LAB	LAB
10	565	Manchester Gorton	Sir Gerald Kaufman	72,959	57.6	18.4	62.7	6.9	4.6	6.3	0.0	0.0	1.1	LAB	LAB
11	564	Walthamstow	Stella Creasy	67,289	62.1	20.5	64.4	6.2	3.3	4.1	0.0	0.0	1.5	LAB	LAB
12	563	Tottenham	David Lammy	70,809	60.1	19.0	62.9	6.3	2.0	6.0	0.0	3.1	0.7	LAB	LAB
13	562	Garston and Halewood	Maria Eagle	74,063	66.1	21.0	64.7	6.9	5.1	2.2	0.0	0.0	0.0	LAB	LAB
14	561	West Ham	Lyn Brown	90,634	58.2	22.7	64.0	5.0	4.1	3.2	0.0	0.0	1.0	LAB	LAB
15	560	Birkenhead	Frank Field	62,438	62.7	22.6	63.3	5.9	5.5	2.7	0.0	0.0	0.0	LAB	LAB
16	559	Hackney South and Shoreditch	Meg Hillier	79,962	59.5	21.3	60.0	7.0	2.1	7.5	0.0	0.0	2.1	LAB	LAB
17	558	Camberwell and Peckham	Harriet Harman	80,507	64.0	20.9	58.8	7.4	2.6	6.5	0.0	0.0	3.9	LAB	LAB
18	557	Hackney North and Stoke Newington	Diane Abbott	83,195	60.0	22.8	58.4	7.5	1.2	9.4	0.0	0.0	0.7	LAB	LAB
19	556	Manchester Central	Lucy Powell	86,078	52.7	22.9	56.9	7.0	6.2	5.5	0.0	0.0	1.6	LAB	LAB
20	555	Bethnal Green and Bow	Rushanara Ali	82,825	63.9	23.2	56.7	7.0	3.4	6.0	0.0	0.0	3.7	LAB	LAB
21	554	Easington	Grahame Morris	61,675	56.1	23.2	56.5	5.6	10.5	1.4	0.0	2.3	0.5	LAB	LAB
22	553	Ealing Southall	Virendra Sharma	65,495	66.1	27.7	60.5	5.4	2.3	3.0	0.0	0.0	1.1	LAB	LAB
23	552	Blaenau Gwent	Nick Smith	51,332	61.7	20.7	53.5	5.0	10.2	1.5	9.0	0.0	0.1	LAB	LAB
24	551	Lewisham Deptford	Vicky Foxcroft	73,426	64.6	23.1	55.8	7.8	2.4	8.1	0.0	0.0	2.9	LAB	LAB
25	550	Manchester Withington	Jeff Smith	74,102	67.4	16.7	49.4	26.1	2.4	5.2	0.0	0.0	0.2	LAB	LAB
26	549	Blackley and Broughton	Graham Stringer	71,900	51.6	25.0	57.6	5.4	9.2	2.7	0.0	0.0	0.1	LAB	LAB
27	548	Halton	Derek Twigg	72,818	61.8	26.5	58.3	5.1	7.9	1.5	0.0	0.0	0.7	LAB	LAB
28	547	Hornsey and Wood Green	Catherine West	79,241	72.9	14.9	46.5	33.5	1.2	3.5	0.0	0.0	0.5	LAB	LAB
29	546	Brent Central	Dawn Butler	77,038	61.1	26.2	57.7	10.2	2.2	2.6	0.0	0.0	1.2	LAB	LAB
30	545	Rhondda	Chris Bryant	51,809	60.9	14.7	46.2	4.0	7.2	0.9	27.0	0.0	0.0	LAB	LAB
31	544	Birmingham Hall Green	Roger Godsiff	76,330	61.6	23.9	55.3	13.5	2.5	3.0	0.0	0.0	1.7	LAB	LAB
32	543	Islington North	Jeremy Corbyn	73,325	67.1	24.7	55.8	10.4	2.2	6.6	0.0	0.0	0.3	LAB	LAB
33	542	St Helens South and Whiston	Marie Rimmer	77,720	62.3	25.2	55.5	8.5	7.8	3.0	0.0	0.0	0.0	LAB	LAB
34	541	Sheffield Brightside and Hillsborough	Harry Harpham	73,090	54.8	22.6	52.1	8.1	12.9	2.8	0.0	0.0	1.6	LAB	LAB
35	540	Merthyr Tydfil and Rhymney	Gerald Jones	61,719	53.0	20.1	49.4	7.2	10.6	1.2	9.5	1.4	0.6	LAB	LAB
36	539	Sheffield Central	Paul Blomfield	77,014	57.4	21.4	50.5	12.9	4.0	10.2	0.0	0.0	0.9	LAB	LAB
37	538	Croydon North	Steve Reed	85,951	62.3	29.2	58.2	5.6	3.0	3.0	0.0	0.0	1.0	LAB	LAB
38	537	Ilford South	Mike Gapes	95,023	54.6	31.9	59.6	3.8	2.9	1.9	0.0	0.0	0.0	LAB	LAB
39	536	Gateshead	Ian Mearns	63,910	59.4	25.0	52.3	10.0	10.0	2.6	0.0	0.0	0.1	LAB	LAB
40	535	Wentworth and Dearne	John Healey	74,283	58.1	25.4	52.4	5.8	15.6	0.0	0.0	0.0	0.8	LAB	LAB
41	534	Leicester South	Jonathan Ashworth	73,518	62.5	28.6	55.3	7.0	4.7	3.6	0.0	0.0	0.8	LAB	LAB
42	533	Leicester East	Keith Vaz	75,430	63.7	30.1	56.7	4.8	5.0	2.0	0.0	0.0	1.4	LAB	LAB
43	532	Barking	Margaret Hodge	74,004	58.1	27.1	53.3	4.6	13.3	1.3	0.0	0.0	0.5	LAB	LAB
44	531	Edmonton	Kate Osamor	66,015	62.6	31.2	57.0	4.3	4.5	2.1	0.0	0.0	0.9	LAB	LAB
45	530	Mitcham and Morden	Siobhain McDonagh	68,474	65.9	30.6	56.2	5.4	5.3	2.0	0.0	0.0	0.5	LAB	LAB
46	529	Wallasey	Angela Eagle	65,495	66.2	30.7	56.0	4.8	6.5	1.9	0.0	0.0	0.0	LAB	LAB
47	528	Rotherham	Sarah Champion	63,698	59.4	22.8	48.0	6.1	20.9	0.0	0.0	0.0	2.2	LAB	LAB
48	527	Barnsley East	Michael Dugher	69,135	55.7	25.1	50.2	6.4	14.2	0.0	0.0	1.7	2.4	LAB	LAB
49	526	Barnsley Central	Dan Jarvis	64,534	56.7	26.1	51.2	5.5	12.5	1.7	0.0	1.6	1.4	LAB	LAB
50	525	Middlesbrough	Andy McDonald	61,868	52.9	27.3	52.3	7.1	10.4	2.8	0.0	0.0	0.1	LAB	LAB
51	524	Leyton and Wanstead	John Cryer	64,746	62.9	29.3	54.2	7.9	3.2	4.7	0.0	0.0	0.7	LAB	LAB
52	523	Warley	John Spellar	63,740	59.3	29.3	53.7	5.2	9.3	2.5	0.0	0.0	0.1	LAB	LAB
53	522	Swansea East	Carolyn Harris	58,011	58.0	24.4	48.5	6.9	9.8	0.0	10.4	0.0	0.0	LAB	LAB
54	521	St Helens North	Conor McGinn	75,262	61.5	29.1	52.7	7.3	8.4	2.5	0.0	0.0	0.0	LAB	LAB
55	520	Ogmore	Huw Irranca-Davies	55,320	63.7	25.0	48.4	5.8	8.8	1.4	10.1	0.0	0.5	LAB	LAB
56	519	Bradford East	Imran Hussain	66,123	62.6	18.8	42.2	31.8	5.3	1.4	0.0	0.0	0.5	LAB	LAB
57	518	Aberavon	Stephen Kinnock	49,821	63.3	21.1	44.4	7.3	9.0	1.5	11.6	3.6	1.6	LAB	LAB
58	517	Jarrow	Stephen Hepburn	63,882	60.4	28.0	51.2	6.6	11.0	2.2	0.0	0.0	1.1	LAB	LAB
59	516	Birmingham Perry Barr	Khalid Mahmood	69,943	59.0	29.9	52.9	7.4	6.8	2.1	0.0	0.0	0.8	LAB	LAB
60	515	Bradford West	Naseem Shah	63,371	63.6	22.2	45.1	5.0	4.2	1.7	0.0	21.2	0.5	LAB	LAB
61	514	Hull North	Diana Johnson	63,650	55.5	25.7	48.3	12.3	8.8	3.8	0.0	0.0	1.1	LAB	LAB
62	513	Tyneside North	Mary Glindon	79,286	59.0	28.9	51.5	7.4	9.1	2.0	0.0	0.0	1.1	LAB	LAB
63	512	Hayes and Harlington	John McDonnell	74,875	60.2	32.7	55.1	4.4	6.6	1.1	0.0	0.0	0.0	LAB	LAB
64	511	Leeds Central	Hilary Benn	81,799	55.1	28.4	50.5	6.8	8.5	5.1	0.0	0.0	0.8	LAB	LAB
65	510	Poplar and Limehouse	Jim Fitzpatrick	82,076	62.2	32.2	54.1	6.3	3.4	3.1	0.0	0.0	0.9	LAB	LAB
66	509	Preston	Mark Hendrick	59,981	55.8	29.8	51.7	6.7	8.6	3.2	0.0	0.0	0.1	LAB	LAB
67	508	Newcastle upon Tyne Central	Chi Onwurah	61,061	57.5	28.6	50.5	9.3	8.3	3.2	0.0	0.0	0.1	LAB	LAB
68	507	Cynon Valley	Ann Clwyd	51,421	59.3	21.6	43.2	5.6	9.3	1.7	16.8	0.0	1.8	LAB	LAB
69	506	Houghton and Sunderland South	Bridget Phillipson	68,316	56.3	29.4	50.6	5.4	12.7	1.8	0.0	0.0	0.1	LAB	LAB
70	505	Lewisham East	Heidi Alexander	73,428	58.5	30.3	51.2	8.2	5.0	3.7	0.0	0.0	1.6	LAB	LAB
71	504	Oldham West and Royton	Michael Meacher	72,341	59.6	29.6	50.4	6.9	11.8	1.3	0.0	0.0	0.1	LAB	LAB
72	503	Washington and Sunderland West	Sharon Hodgson	68,188	54.6	29.7	50.5	6.0	11.0	1.9	0.0	0.0	1.0	LAB	LAB
73	502	Hull East	Karl Turner	65,606	53.6	27.0	47.2	9.9	13.1	1.5	0.0	0.0	1.2	LAB	LAB
74	501	Bermondsey and Old Southwark	Neil Coyle	80,604	63.8	18.4	38.6	36.4	3.5	2.5	0.0	0.0	0.6	LAB	LAB
75	500	Nottingham East	Christopher Leslie	60,464	58.2	30.1	50.1	7.1	5.6	6.4	0.0	0.0	0.7	LAB	LAB
76	499	Dulwich and West Norwood	Helen Hayes	75,244	68.3	29.7	49.6	12.0	1.7	6.1	0.0	0.0	0.9	LAB	LAB
77	498	Durham North	Kevan Jones	65,373	61.4	30.5	50.4	8.1	8.9	2.0	0.0	0.0	0.0	LAB	LAB
78	497	Normanton, Pontefract and Castleford	Yvette Cooper	82,592	55.6	31.3	50.4	6.1	12.1	0.0	0.0	0.0	0.1	LAB	LAB
79	496	Islwyn	Christopher Evans	55,075	64.3	25.5	44.5	5.9	11.1	1.2	10.7	0.0	1.1	LAB	LAB
80	495	South Shields	Emma Lewell-Buck	62,730	57.8	27.9	46.8	5.3	13.2	2.9	0.0	3.9	0.1	LAB	LAB
81	494	Nottingham North	Graham Allen	65,918	53.6	31.4	50.1	5.6	10.4	2.0	0.0	0.0	0.5	LAB	LAB
82	493	Doncaster North	Ed Miliband	70,898	55.7	29.3	47.9	5.9	13.4	1.2	0.0	1.1	1.1	LAB	LAB
83	492	Sheffield South East	Clive Betts	70,422	59.2	28.6	46.9	8.8	12.7	1.7	0.0	0.0	1.3	LAB	LAB
84	491	Holborn and St Pancras	Keir Starmer	86,864	63.2	30.4	48.5	9.1	2.8	8.2	0.0	0.0	1.0	LAB	LAB
85	490	Leeds East	Richard Burgon	64,754	59.0	31.8	49.3	6.7	10.2	1.9	0.0	0.0	0.1	LAB	LAB
86	489	Newcastle upon Tyne East	Nick Brown	74,112	52.9	27.5	44.9	14.1	7.0	5.6	0.0	0.0	0.8	LAB	LAB
87	488	Makerfield	Yvonne Fovargue	74,370	60.2	30.3	47.5	7.0	13.6	1.6	0.0	0.0	0.1	LAB	LAB
88	487	Blaydon	David Anderson	67,706	66.4	27.7	44.7	15.4	9.8	2.4	0.0	0.0	0.1	LAB	LAB
89	486	Leigh	Andrew Burnham	75,974	59.4	32.6	49.5	5.6	11.0	0.0	0.0	0.0	1.3	LAB	LAB
90	485	Streatham	Chuka Umunna	78,673	63.5	32.0	48.6	11.1	1.8	5.7	0.0	0.0	0.8	LAB	LAB
91	484	Blackburn	Kate Hollern	73,265	60.1	35.4	51.9	4.7	7.9	0.0	0.0	0.0	0.0	LAB	LAB
92	483	Wigan	Lisa Nandy	76,068	59.5	31.4	47.8	6.0	10.8	1.8	0.0	0.0	2.1	LAB	LAB
93	482	Sheffield Heeley	Louise Haigh	69,265	60.7	27.3	43.7	14.7	9.4	3.9	0.0	0.0	0.9	LAB	LAB
94	481	Islington South and Finsbury	Emily Thornberry	68,127	65.0	30.3	46.5	13.4	4.2	4.9	0.0	0.0	0.7	LAB	LAB
95	480	Hull West and Hessle	Alan Johnson	59,008	53.9	28.7	44.7	13.4	10.7	1.9	0.0	0.0	0.6	LAB	LAB
96	479	Wolverhampton South East	Pat McFadden	62,561	55.6	32.9	48.8	5.6	11.5	1.1	0.0	0.0	0.1	LAB	LAB
97	478	Chesterfield	Toby Perkins	72,078	63.2	27.7	43.4	16.8	9.3	1.9	0.0	0.0	0.8	LAB	LAB
98	477	Vauxhall	Kate Hoey	81,698	58.7	33.7	49.3	8.9	1.6	4.9	0.0	0.0	1.6	LAB	LAB
99	476	Coventry North East	Colleen Fletcher	76,401	55.3	32.3	47.6	7.6	8.3	1.9	0.0	0.0	2.2	LAB	LAB
100	475	Oxford East	Andrew Smith	78,974	64.2	29.5	44.5	13.7	3.9	7.4	0.0	0.0	1.0	LAB	LAB
101	474	Bolton South East	Yasmin Qureshi	69,692	58.5	31.2	46.1	6.0	14.8	1.9	0.0	0.0	0.1	LAB	LAB
102	473	Neath	Christina Rees	56,099	66.2	25.0	39.3	6.1	9.3	2.1	18.1	0.0	0.0	LAB	LAB
103	472	Rochdale	Simon Danczuk	79,170	57.4	27.5	41.8	13.5	10.4	2.0	0.0	3.4	1.4	LAB	LAB
104	471	Ealing North	Stephen Pound	73,836	65.7	36.8	50.7	5.4	4.5	2.2	0.0	0.0	0.5	LAB	LAB
105	470	Salford and Eccles	Rebecca Long-Bailey	74,290	58.2	31.2	45.0	7.1	10.0	3.4	0.0	0.0	3.3	LAB	LAB
106	469	Birmingham Yardley	Jess Phillips	72,146	57.0	23.3	37.1	28.5	9.1	1.1	0.0	0.0	1.0	LAB	LAB
107	468	Lewisham West and Penge	Jim Dowd	72,289	66.6	32.5	46.1	10.3	4.3	5.5	0.0	0.0	1.3	LAB	LAB
108	467	Cardiff Central	Jo Stevens	57,454	67.3	21.9	35.5	29.4	3.7	4.1	5.0	0.0	0.4	LAB	LAB
109	466	Hemsworth	Jon Trickett	72,714	58.3	33.3	46.9	6.4	11.0	0.0	0.0	0.0	2.5	LAB	LAB
110	465	Doncaster Central	Rosie Winterton	71,136	56.8	31.2	44.6	7.5	14.9	0.0	0.0	0.0	1.9	LAB	LAB
111	464	Llanelli	Nia Griffith	59,314	65.0	23.6	36.8	4.8	9.3	1.2	23.0	0.0	1.4	LAB	LAB
112	463	Wansbeck	Ian Lavery	63,273	60.9	32.3	45.5	9.5	10.2	2.4	0.0	0.0	0.1	LAB	LAB
113	462	Greenwich and Woolwich	Matthew Pennycook	73,315	63.7	34.6	47.7	8.1	4.6	4.1	0.0	0.0	0.8	LAB	LAB
114	461	Redcar	Anna Turley	64,825	63.1	26.4	39.4	21.6	10.3	1.4	0.0	0.0	1.0	LAB	LAB
115	460	Caerphilly	Wayne David	62,793	64.2	27.0	39.8	5.5	11.0	1.5	14.6	0.0	0.5	LAB	LAB
116	459	Stretford and Urmston	Kate Green	69,490	66.8	36.1	48.7	5.5	6.1	3.0	0.0	0.0	0.6	LAB	LAB
117	458	Sefton Central	Bill Esterson	67,746	72.4	36.9	49.4	6.5	5.5	1.6	0.0	0.0	0.0	LAB	LAB
118	457	Bolsover	Dennis Skinner	71,976	61.1	34.5	46.8	6.4	12.2	0.0	0.0	0.0	0.1	LAB	LAB
119	456	Denton and Reddish	Andrew Gwynne	66,574	58.1	34.3	46.5	5.7	10.4	2.4	0.0	0.0	0.6	LAB	LAB
120	455	Ashton under Lyne	Angela Rayner	67,714	57.5	33.2	45.4	5.8	12.9	2.5	0.0	0.0	0.1	LAB	LAB
121	454	Stockport	Ann Coffey	63,931	62.0	33.4	45.5	10.4	7.3	2.9	0.0	0.0	0.5	LAB	LAB
122	453	Durham, City of	Roberta Blackman-Woods	68,741	66.4	31.1	42.8	14.0	6.4	3.8	0.0	0.0	1.9	LAB	LAB
123	452	Sunderland Central	Julie Elliott	72,933	57.3	34.4	45.7	6.0	10.7	2.6	0.0	0.0	0.6	LAB	LAB
124	451	Leeds West	Rachel Reeves	64,950	59.2	32.3	43.5	7.6	9.9	5.4	0.0	0.0	1.2	LAB	LAB
124	450	Sheffield Hallam	Nick Clegg	73,658	75.3	20.1	31.3	42.1	3.5	2.1	0.0	0.0	1.0	LIB	LIB
125	450	Wythenshawe and Sale East	Mike Kane	75,980	56.9	35.0	45.8	7.3	8.2	2.5	0.0	0.0	1.2	LAB	LAB
126	449	Brent North	Barry Gardiner	82,196	63.5	39.0	49.8	6.7	2.1	1.9	0.0	0.0	0.4	LAB	LAB
127	448	Pontypridd	Owen Smith	58,929	64.3	25.9	36.6	15.6	7.6	1.7	11.5	0.0	1.2	LAB	LAB
128	447	Feltham and Heston	Seema Malhotra	82,328	60.0	37.5	47.9	5.8	7.0	1.8	0.0	0.0	0.0	LAB	LAB
129	446	West Bromwich East	Tom Watson	63,641	58.9	35.5	45.7	5.3	12.4	1.1	0.0	0.0	0.1	LAB	LAB
130	445	Burnley	Julie Cooper	64,486	61.6	23.2	33.3	32.4	9.6	1.4	0.0	0.0	0.1	LAB	LAB
131	444	Heywood and Middleton	Liz McInnes	79,989	60.7	29.8	38.8	6.6	23.3	1.5	0.0	0.0	0.1	LAB	LAB
132	443	Blyth Valley	Ronnie Campbell	63,958	60.1	32.9	41.8	9.3	13.5	2.4	0.0	0.0	0.1	LAB	LAB
133	442	Durham North West	Pat Glass	69,817	61.3	33.5	42.4	12.2	9.5	2.4	0.0	0.0	0.1	LAB	LAB
134	441	Luton North	Kelvin Hopkins	66,533	64.0	38.6	47.4	5.7	6.8	1.5	0.0	0.0	0.0	LAB	LAB
135	440	West Bromwich West	Adrian Bailey	65,533	53.4	34.5	42.8	4.9	16.5	1.3	0.0	0.0	0.1	LAB	LAB
136	439	Newcastle upon Tyne North	Catherine McKinnell	67,267	66.7	33.4	41.6	12.8	9.3	2.2	0.0	0.0	0.8	LAB	LAB
137	438	Erith and Thamesmead	Teresa Pearce	69,787	61.1	37.3	45.3	5.3	9.6	1.4	0.0	0.0	1.1	LAB	LAB
138	437	Derby South	Margaret Beckett	70,247	58.1	36.7	44.6	7.1	8.8	1.9	0.0	0.0	0.9	LAB	LAB
138	436	Cambridge	Daniel Zeichner	83,384	62.1	23.3	31.1	37.2	2.8	5.1	0.0	0.0	0.4	LAB	LIB
139	436	Torfaen	Nick Thomas-Symonds	61,896	61.3	33.3	40.1	6.5	10.8	1.3	5.7	1.8	0.4	LAB	LAB
140	435	Stockton North	Alex Cunningham	66,126	59.8	37.8	44.6	5.3	10.7	0.0	0.0	0.0	1.6	LAB	LAB
140	434	Arfon	Hywel Williams	40,492	66.3	19.3	25.8	4.6	4.8	0.0	43.9	0.0	1.6	NAT	NAT
141	434	Swansea West	Geraint Davies	58,776	59.8	31.8	38.1	11.9	7.7	3.3	6.4	0.0	0.9	LAB	LAB
142	433	Don Valley	Caroline Flint	71,299	59.6	35.7	41.7	6.7	14.2	0.0	0.0	0.0	1.7	LAB	LAB
143	432	Leicester West	Elizabeth Kendall	63,204	54.6	36.2	42.0	7.6	9.7	3.5	0.0	0.0	0.9	LAB	LAB
143	431	Paisley and Renfrewshire South	Mhairi Black	61,281	75.4	23.4	29.2	2.0	0.1	0.7	43.6	0.0	1.0	NAT	NAT
144	431	Rother Valley	Kevin Barron	74,275	63.3	33.7	39.1	7.5	18.8	0.0	0.0	0.0	0.9	LAB	LAB
145	430	Warrington North	Helen Jones	72,632	62.5	38.1	43.3	7.2	9.6	1.8	0.0	0.0	0.1	LAB	LAB
146	429	Birmingham Selly Oak	Stephen McCabe	75,092	60.3	38.1	43.1	8.3	7.1	3.3	0.0	0.0	0.0	LAB	LAB
147	428	Bristol West	Thangam Debbonaire	89,198	72.0	25.9	30.1	22.1	1.7	19.6	0.0	0.0	0.5	LAB	LAB
148	427	Bassetlaw	John Mann	77,480	63.6	39.9	44.2	5.5	9.0	1.3	0.0	0.0	0.0	LAB	LAB
149	426	Lancashire West	Rosie Cooper	70,945	70.0	40.7	44.9	5.2	6.8	2.1	0.0	0.0	0.3	LAB	LAB
150	425	Ashfield	Gloria de Piero	77,126	61.5	32.5	36.6	17.9	12.7	0.0	0.0	0.0	0.4	LAB	LAB
150	424	Glasgow North East	Anne McLaughlin	66,678	56.8	20.4	24.3	0.7	0.1	2.3	50.7	0.6	1.0	NAT	NAT
151	424	Sedgefield	Phil Wilson	62,860	61.6	39.4	42.7	6.6	9.3	2.0	0.0	0.0	0.1	LAB	LAB
152	423	Huddersfield	Barry Sheerman	65,265	62.0	37.2	40.4	9.1	7.9	4.5	0.0	0.0	0.9	LAB	LAB
153	422	Hammersmith	Andy Slaughter	72,254	66.4	42.5	45.6	6.5	2.4	2.8	0.0	0.0	0.2	LAB	LAB
154	421	Leeds North East	Fabian Hamilton	69,097	69.9	40.4	43.4	7.6	4.1	3.4	0.0	0.0	1.0	LAB	LAB
155	420	Nottingham South	Lilian Greenwood	68,987	63.0	40.3	43.2	6.2	6.4	3.5	0.0	0.0	0.6	LAB	LAB
156	419	Cardiff West	Kevin Brennan	66,758	65.6	33.3	36.2	7.2	6.4	2.5	13.9	0.0	0.5	LAB	LAB
156	418	Glasgow South West	Christopher Stephens	66,209	61.8	20.7	23.4	0.9	2.4	1.9	49.9	0.0	0.8	NAT	NAT
157	418	Cardiff South and Penarth	Stephen Doughty	75,714	61.6	35.8	38.3	7.7	7.8	2.4	7.4	0.0	0.6	LAB	LAB
157	417	Rutherglen and Hamilton West	Margaret Ferrier	82,701	69.7	23.3	25.8	1.6	2.3	0.7	45.3	0.0	1.0	NAT	NAT
157	417	Coatbridge, Chryston and Bellshill	Philip Boswell	73,813	68.7	22.0	24.5	1.0	2.1	0.7	49.3	0.0	0.4	NAT	NAT
158	417	Tynemouth	Alan Campbell	77,523	69.0	41.4	43.7	5.6	6.8	2.4	0.0	0.0	0.0	LAB	LAB
159	416	Dagenham and Rainham	Jon Cruddas	69,049	62.3	35.1	37.0	5.0	20.9	1.2	0.0	0.0	0.9	LAB	LAB
159	415	Glasgow Central	Alison Thewliss	70,945	55.4	21.8	23.6	1.4	2.1	4.7	45.2	0.0	1.3	NAT	NAT
160	415	Bradford South	Judith Cummins	63,670	59.1	37.6	38.9	6.4	14.8	2.1	0.0	0.0	0.1	LAB	LAB
160	414	Airdrie and Shotts	Neil Gray	66,715	66.4	23.4	24.7	1.4	2.5	0.7	46.6	0.0	0.7	NAT	NAT
161	414	Wolverhampton North East	Emma Reynolds	61,073	55.7	40.3	41.6	6.0	10.8	1.3	0.0	0.0	0.1	LAB	LAB
161	413	Glasgow East	Natalie McGarry	70,378	60.3	21.7	22.9	0.7	2.7	1.6	49.6	0.0	0.9	NAT	NAT
162	413	Stoke-on-Trent Central	Tristram Hunt	62,250	49.9	33.6	34.8	7.6	13.9	2.3	0.0	6.8	0.9	LAB	LAB
163	412	Stalybridge and Hyde	Jonathan Reynolds	69,081	59.4	39.5	40.6	6.4	10.5	2.9	0.0	0.0	0.1	LAB	LAB
164	411	Slough	Fiona Mactaggart	86,366	55.9	42.4	43.4	5.4	7.2	1.6	0.0	0.0	0.0	LAB	LAB
165	410	Ellesmere Port and Neston	Justin Madders	68,134	68.6	42.3	43.2	5.8	6.7	1.4	0.0	0.0	0.5	LAB	LAB
166	409	Walsall South	Valerie Vaz	67,743	61.8	42.2	42.7	4.5	8.8	1.8	0.0	0.0	0.0	LAB	LAB
167	408	Birmingham Erdington	Jack Dromey	65,128	53.3	40.8	41.1	5.9	9.8	1.8	0.0	0.0	0.7	LAB	LAB
168	407	Norwich South	Clive Lewis	74,875	64.7	34.2	34.4	16.9	5.1	9.0	0.0	0.0	0.4	LAB	LAB
169	406	York Central	Rachael Maskell	75,351	63.3	38.0	37.9	11.0	5.4	6.5	0.0	0.0	1.3	LAB	CON
170	405	Luton South	Gavin Shuker	67,234	62.8	39.4	39.3	10.2	6.6	1.9	0.0	0.0	2.6	LAB	CON
171	404	Wirral South	Alison McGovern	56,956	73.5	44.1	43.9	5.6	5.0	1.4	0.0	0.0	0.0	LAB	CON
172	403	Worsley and Eccles South	Barbara Keeley	72,174	58.3	40.4	39.9	5.8	10.2	1.9	0.0	0.0	1.9	LAB	CON
173	402	Penistone and Stocksbridge	Angela Smith	71,048	65.9	38.1	37.5	9.5	13.7	0.0	0.0	0.0	1.1	LAB	CON
173	401	Leeds North West	Greg Mulholland	61,974	70.0	26.4	25.6	39.2	3.7	4.5	0.0	0.0	0.6	LIB	LIB
174	401	Hartlepool	Iain Wright	69,516	56.8	32.0	31.2	5.3	19.2	2.2	0.0	7.5	2.7	LAB	CON
174	400	Dunbartonshire West	Martin Docherty	69,193	73.9	22.8	21.9	1.4	0.1	0.7	51.7	0.0	1.4	NAT	NAT
174	400	Motherwell and Wishaw	Marion Fellows	70,269	68.6	23.4	22.4	1.1	2.7	0.7	49.2	0.0	0.4	NAT	NAT
175	400	Newport East	Jessica Morden	56,018	62.7	37.5	36.2	9.5	10.5	1.6	3.5	0.0	1.2	LAB	CON
176	399	Exeter	Ben Bradshaw	76,964	70.2	42.2	40.9	7.1	5.3	4.1	0.0	0.0	0.4	LAB	CON
177	398	Oldham East and Saddleworth	Debbie Abrahams	72,005	61.8	36.4	35.1	16.1	10.7	1.7	0.0	0.0	0.1	LAB	CON
177	397	Kirkcaldy and Cowdenbeath	Roger Mullin	75,941	69.6	25.7	23.9	2.0	2.4	0.7	44.9	0.0	0.4	NAT	NAT
178	397	Great Grimsby	Melanie Onn	58,484	57.7	37.4	35.3	8.4	15.7	1.5	0.0	0.0	1.7	LAB	CON
178	396	Glenrothes	Peter Grant	69,781	68.2	23.5	21.2	1.7	0.1	0.7	52.5	0.0	0.4	NAT	NAT
179	396	Bury South	Ivan Lewis	73,883	63.9	43.3	40.7	6.2	7.4	2.0	0.0	0.0	0.4	LAB	CON
179	395	Ynys Mon	Albert Owen	49,944	69.9	29.4	26.6	4.7	8.3	0.0	30.5	0.0	0.5	LAB	NAT
179	395	Glasgow North West	Carol Monaghan	68,418	64.1	24.3	21.4	2.5	0.1	3.4	47.2	0.0	1.2	NAT	NAT
180	395	Stoke-on-Trent North	Ruth Smeeth	72,689	53.2	38.3	35.4	6.3	15.9	1.8	0.0	0.0	2.3	LAB	CON
181	394	Batley and Spen	Jo Cox	78,373	64.4	41.6	38.8	8.0	9.7	1.6	0.0	0.0	0.4	LAB	CON
182	393	Workington	Sue Hayman	58,672	65.6	41.0	37.8	7.8	11.0	1.9	0.0	0.0	0.5	LAB	CON
182	392	Cumbernauld, Kilsyth and Kirkintilloch East	Stuart McDonald	67,009	73.7	23.7	20.6	2.0	0.1	0.7	52.6	0.0	0.4	NAT	NAT
183	392	Edinburgh South	Ian Murray	65,846	74.9	33.5	29.7	3.3	1.3	4.9	26.5	0.0	0.8	LAB	CON
184	391	Dudley North	Ian Austin	60,718	62.6	41.3	37.3	4.5	15.2	0.9	0.0	0.0	0.8	LAB	CON
185	390	Chorley	Lindsay Hoyle	74,679	69.2	44.8	40.8	5.2	7.5	1.4	0.0	0.0	0.3	LAB	CON
186	389	Mansfield	Alan Meale	77,534	60.9	39.0	35.0	6.8	16.4	2.0	0.0	0.0	0.7	LAB	CON
187	388	Bristol South	Karin Smyth	81,996	62.0	37.2	32.8	12.6	9.4	7.3	0.0	0.0	0.7	LAB	CON
187	387	Na h-Eileanan An Iar (Western Isles)	Angus MacNeil	21,744	73.3	23.5	19.2	2.6	0.1	0.7	47.0	6.6	0.4	NAT	NAT
188	387	Coventry North West	Geoffrey Robinson	74,597	60.7	40.9	36.5	7.0	8.8	2.8	0.0	0.0	4.0	LAB	CON
189	386	Bolton North East	David Crausby	67,901	63.6	43.2	38.6	6.0	10.5	1.7	0.0	0.0	0.1	LAB	CON
190	385	Tooting	Sadiq Khan	76,778	69.7	47.4	42.7	5.6	1.6	2.7	0.0	0.0	0.0	LAB	CON
190	384	Paisley and Renfrewshire North	Gavin Newlands	66,206	76.2	28.1	23.3	1.9	0.1	2.1	43.4	0.0	1.2	NAT	NAT
191	384	Hyndburn	Graham Jones	68,341	62.8	42.6	37.8	5.3	12.5	1.7	0.0	0.0	0.1	LAB	CON
191	383	Inverclyde	Ronnie Cowan	59,350	75.2	25.8	20.9	2.2	1.7	0.7	47.8	0.0	0.9	NAT	NAT
192	383	Westminster North	Karen Buck	62,346	63.4	47.4	42.4	5.4	2.1	2.2	0.0	0.0	0.6	LAB	CON
193	382	Newport West	Paul Flynn	62,145	64.9	41.8	36.7	6.8	8.7	2.0	4.0	0.0	0.0	LAB	CON
193	381	Glasgow North	Patrick Grady	58,875	62.7	23.7	18.5	2.5	1.4	6.9	45.8	0.0	1.2	NAT	NAT
193	381	Glasgow South	Stewart McDonald	74,051	65.9	25.5	20.3	1.9	0.1	3.6	47.6	0.0	1.0	NAT	NAT
193	381	Edinburgh East	Tommy Sheppard	66,178	71.2	25.8	20.5	2.5	2.0	6.7	41.9	0.0	0.6	NAT	NAT
194	381	Harrow West	Gareth Thomas	69,643	66.9	47.9	42.5	5.1	2.4	1.8	0.0	0.0	0.3	LAB	CON
194	380	Dunfermline and West Fife	Douglas Chapman	78,037	71.6	27.8	22.3	3.6	0.1	2.8	43.0	0.0	0.4	NAT	NAT
195	380	Darlington	Jenny Chapman	65,832	62.5	44.0	38.4	7.5	7.3	2.3	0.0	0.0	0.6	LAB	CON
196	379	Birmingham Edgbaston	Gisela Stuart	65,591	63.0	46.0	40.3	5.2	5.6	2.1	0.0	0.0	0.7	LAB	CON
197	378	Delyn	David Hanson	53,639	69.8	42.0	36.0	6.5	9.3	1.2	4.8	0.0	0.0	LAB	CON
198	377	Bishop Auckland	Helen Goodman	66,089	59.6	43.0	36.9	7.6	10.0	2.5	0.0	0.0	0.1	LAB	CON
199	376	Coventry South	Jim Cunningham	71,380	61.2	43.8	37.8	6.8	7.3	2.5	0.0	0.0	1.7	LAB	CON
200	375	Scunthorpe	Nic Dakin	64,010	57.7	43.3	37.2	5.2	9.2	1.6	0.0	3.0	0.6	LAB	CON
200	374	Linlithgow and East Falkirk	Martyn Day	86,955	70.8	27.8	21.6	1.8	2.8	0.7	44.7	0.0	0.6	NAT	NAT
201	374	Blackpool South	Gordon Marsden	57,411	56.5	43.6	37.4	5.3	9.6	1.7	0.0	0.0	2.3	LAB	CON
202	373	Alyn and Deeside	Mark Tami	62,016	66.6	41.8	35.5	7.2	10.0	1.5	3.9	0.0	0.1	LAB	CON
203	372	Southampton Test	Alan Whitehead	70,285	62.1	42.5	36.1	7.9	7.0	3.7	0.0	0.0	2.7	LAB	CON
204	371	Clwyd South	Susan Elan Jones	54,996	63.8	39.6	32.7	6.7	8.9	1.7	10.3	0.0	0.0	LAB	CON
204	370	Midlothian	Owen Thompson	67,875	71.2	27.7	20.8	2.1	2.5	3.2	43.3	0.0	0.4	NAT	NAT
205	370	Gedling	Vernon Coaker	70,046	68.5	45.1	37.8	6.8	8.1	2.1	0.0	0.0	0.0	LAB	CON
205	369	Kilmarnock and Loudoun	Alan Brown	75,233	71.6	28.3	20.9	1.3	0.1	0.7	48.4	0.0	0.4	NAT	NAT
206	369	Copeland	Jamie Reed	62,119	63.8	45.2	37.8	6.4	8.7	1.9	0.0	0.0	0.0	LAB	CON
207	368	Eltham	Clive Efford	63,998	67.4	45.7	38.2	5.9	8.3	1.9	0.0	0.0	0.0	LAB	CON
208	367	Hampstead and Kilburn	Tulip Siddiq	80,241	67.3	47.9	40.0	7.3	1.6	2.9	0.0	0.0	0.4	LAB	CON
208	366	Livingston	Hannah Bardell	82,373	69.9	26.1	18.2	1.9	3.1	0.7	49.6	0.0	0.4	NAT	NAT
209	366	Wrexham	Ian Lucas	50,992	64.2	40.7	32.7	8.1	8.8	1.3	7.6	0.0	0.7	LAB	CON
210	365	Birmingham Northfield	Richard Burden	71,428	59.4	45.5	37.1	6.2	9.4	1.8	0.0	0.0	0.1	LAB	CON
211	364	Bridgend	Madeleine Moon	59,998	65.8	41.0	32.6	6.9	8.5	1.2	7.1	1.9	0.8	LAB	CON
212	363	Bristol East	Kerry McCarthy	71,965	64.2	42.2	33.8	9.4	8.8	5.3	0.0	0.0	0.6	LAB	CON
212	362	East Kilbride, Strathaven and Lesmahagow	Lisa Cameron	83,071	72.9	27.5	18.9	1.6	2.1	0.7	48.3	0.0	0.9	NAT	NAT
213	362	Middlesbrough South and Cleveland East	Tom Blenkinsop	71,153	64.2	46.2	37.5	6.2	8.5	1.5	0.0	0.0	0.0	LAB	CON
214	361	Stoke-on-Trent South	Robert Flello	68,788	56.9	43.5	34.7	6.7	12.4	1.7	0.0	0.0	1.0	LAB	CON
215	360	Wirral West	Margaret Greenwood	55,377	75.6	49.7	40.8	5.1	3.7	0.0	0.0	0.0	0.7	LAB	CON
216	359	Wakefield	Mary Creagh	70,521	60.9	44.7	35.8	6.7	9.8	1.6	0.0	0.0	1.4	LAB	CON
216	358	Carmarthen East and Dinefwr	Jonathan Edwards	55,750	70.7	29.0	19.7	4.8	6.3	1.8	38.4	0.0	0.0	NAT	NAT
217	358	Lancaster and Fleetwood	Catherine Smith	60,883	68.6	47.2	37.9	5.8	5.4	3.2	0.0	0.0	0.5	LAB	CON
218	357	Enfield North	Joan Ryan	68,119	67.7	48.6	39.3	4.5	5.0	1.8	0.0	0.0	0.9	LAB	CON
219	356	Ealing Central and Acton	Rupa Huq	71,238	71.4	48.3	38.8	7.8	2.1	2.3	0.0	0.0	0.6	LAB	CON
220	355	Walsall North	David Winnick	67,080	55.0	44.3	34.5	5.5	13.2	0.9	0.0	0.0	1.6	LAB	CON
221	354	Derbyshire North East	Natascha Engel	71,456	67.1	46.0	36.2	7.0	9.0	1.4	0.0	0.0	0.4	LAB	CON
222	353	Brentford and Isleworth	Ruth Cadbury	84,557	67.8	49.2	39.3	6.0	3.1	2.4	0.0	0.0	0.0	LAB	CON
222	352	Ceredigion	Mark Williams	54,215	69.0	17.5	7.5	37.9	5.8	3.6	27.7	0.0	0.0	LIB	LIB
222	352	Dundee West	Chris Law	66,287	67.5	24.4	14.2	2.1	0.1	3.4	54.6	0.0	1.1	NAT	NAT
223	352	Ilford North	Wes Streeting	78,162	62.6	49.6	39.4	4.5	4.9	1.3	0.0	0.0	0.2	LAB	CON
224	351	Wolverhampton South West	Rob Marris	60,375	66.6	48.9	38.7	4.5	6.0	1.7	0.0	0.0	0.2	LAB	CON
225	350	Dewsbury	Paula Sherriff	79,765	67.2	47.5	37.3	6.2	6.7	1.6	0.0	0.0	0.7	LAB	CON
225	349	Edinburgh North and Leith	Deidre Brock	80,978	71.6	32.2	21.8	4.1	1.5	6.1	33.6	0.0	0.6	NAT	NAT
226	349	Chester, City of	Chris Matheson	72,269	70.8	49.2	38.7	7.5	4.6	0.0	0.0	0.0	0.0	LAB	CON
226	348	Lanark and Hamilton East	Angela Crawley	78,846	70.1	31.7	21.1	2.0	2.6	0.7	41.5	0.0	0.4	NAT	NAT
227	348	Barrow and Furness	John Woodcock	68,338	63.3	48.5	37.8	5.2	6.5	1.6	0.0	0.0	0.3	LAB	CON
228	347	Hove	Peter Kyle	73,505	71.0	48.0	37.1	6.0	3.5	4.2	0.0	0.0	1.2	LAB	CON
228	346	Aberdeen North	Kirsty Blackman	67,745	64.9	28.1	16.5	4.2	0.1	0.7	49.1	0.0	1.3	NAT	NAT
229	346	Croydon Central	Gavin Barwell	78,171	67.7	50.2	38.2	4.4	5.0	1.8	0.0	0.0	0.4	CON	CON
229	345	Ayrshire North and Arran	Patricia Gibson	75,772	71.1	30.6	18.5	1.5	2.5	0.7	45.9	0.0	0.4	NAT	NAT
229	345	Brighton Pavilion	Caroline Lucas	76,557	71.4	34.2	22.1	6.3	2.8	34.3	0.0	0.0	0.4	Green	Green
230	345	Halifax	Holly Lynch	70,461	62.1	47.7	35.5	6.4	6.9	1.7	0.0	0.0	1.8	LAB	CON
230	344	Falkirk	John McNally	83,380	72.4	27.9	15.6	1.8	3.1	0.7	50.4	0.0	0.4	NAT	NAT
231	344	Gower	Byron Davies	61,820	69.2	44.9	32.5	6.0	6.4	1.8	7.1	0.0	1.3	CON	CON
232	343	Newcastle-under-Lyme	Paul Farrelly	66,752	64.4	46.8	33.9	7.3	9.5	1.9	0.0	0.0	0.7	LAB	CON
233	342	Vale of Clwyd	James Davies	56,505	62.4	46.7	33.9	5.0	7.4	0.0	7.1	0.0	0.0	CON	CON
234	341	Renfrewshire East	Kirsten Oswald	69,982	81.1	37.8	24.6	1.7	1.6	0.7	33.3	0.0	0.4	NAT	CON
235	340	Bury North	David Nuttall	67,580	66.9	50.1	36.8	4.6	6.9	1.6	0.0	0.0	0.0	CON	CON
236	339	Weaver Vale	Graham Evans	68,407	68.5	50.5	36.9	5.2	5.4	1.6	0.0	0.0	0.2	CON	CON
237	338	Derby North	Amanda Solloway	64,739	69.1	45.9	32.1	11.4	8.2	2.3	0.0	0.0	0.0	CON	CON
238	337	East Lothian	George Kerevan	79,481	74.2	35.4	21.6	2.3	2.1	2.8	35.2	0.0	0.7	NAT	CON
238	336	Inverness Nairn Badenoch and Strathspey	Drew Hendry	77,268	74.6	17.9	4.0	29.3	2.2	2.9	42.8	0.0	1.0	NAT	NAT
238	336	Ross Skye and Lochaber	Ian Blackford	54,169	77.2	17.0	2.6	33.9	2.0	3.0	40.8	0.0	0.7	NAT	NAT
239	336	Bolton West	Chris Green	72,727	66.8	49.1	34.6	6.6	8.5	0.0	0.0	0.0	1.1	CON	CON
239	335	Caithness Sutherland and Easter Ross	Paul Monaghan	47,558	71.9	19.4	4.7	33.1	2.9	0.6	39.0	0.0	0.3	NAT	NAT
240	335	Bedford	Richard Fuller	69,311	66.5	50.5	35.3	6.7	5.2	2.0	0.0	0.0	0.3	CON	CON
241	334	Lincoln	Karl McCartney	74,121	63.2	50.4	35.1	6.6	6.6	0.0	0.0	0.0	1.4	CON	CON
242	333	Morley and Outwood	Andrea Jenkyns	76,179	63.3	48.8	33.6	6.0	8.9	1.7	0.0	0.0	1.0	CON	CON
243	332	Cardiff North	Craig Williams	67,193	76.1	49.1	33.8	5.9	4.4	1.6	4.5	0.0	0.8	CON	CON
244	331	Brighton Kemptown	Simon Kirby	67,858	66.8	50.0	34.0	5.9	5.4	4.4	0.0	0.0	0.4	CON	CON
245	330	Warrington South	David Mowat	85,566	69.4	50.7	34.5	7.8	4.6	1.9	0.0	0.0	0.4	CON	CON
245	329	Ayrshire Central	Philippa Whitford	69,982	72.6	33.1	17.0	1.6	0.1	2.0	45.9	0.0	0.4	NAT	NAT
245	329	Dunbartonshire East	John Nicolson	66,966	81.9	22.7	6.5	34.3	1.1	2.1	33.0	0.0	0.3	NAT	LIB
246	329	Telford	Lucy Allan	66,166	61.4	49.7	33.3	5.4	10.1	1.5	0.0	0.0	0.1	CON	CON
247	328	Thurrock	Jackie Doyle-Price	77,569	63.9	44.3	27.7	4.6	22.6	0.0	0.0	0.0	0.8	CON	CON
247	327	Orkney and Shetland	Alistair Carmichael	34,551	65.8	20.7	3.8	39.4	4.8	0.5	30.5	0.0	0.3	LIB	LIB
248	327	Plymouth Sutton and Devonport	Oliver Colvile	73,495	65.3	48.6	31.2	7.5	8.0	4.5	0.0	0.0	0.3	CON	CON
248	326	Ochil and South Perthshire	Tasmina Ahmed-Sheikh	77,370	74.8	36.6	19.0	2.3	2.4	0.7	38.7	0.0	0.4	NAT	NAT
249	326	Hendon	Matthew Offord	74,658	66.5	54.7	37.1	4.0	2.9	1.3	0.0	0.0	0.0	CON	CON
249	325	Ayr Carrick and Cumnock	Corri Wilson	72,985	71.5	35.6	17.8	1.5	2.5	0.7	41.5	0.0	0.4	NAT	NAT
250	325	Corby	Tom Pursglove	79,775	70.4	51.9	33.6	5.4	7.5	1.6	0.0	0.0	0.0	CON	CON
251	324	Edinburgh South West	Joanna Cherry	72,178	71.5	36.2	17.8	3.4	2.1	4.5	35.7	0.0	0.4	NAT	CON
252	323	Peterborough	Stewart Jackson	72,521	64.9	49.6	30.7	6.8	8.7	1.7	0.0	0.0	2.5	CON	CON
252	322	Dwyfor Meirionnydd	Liz Saville Roberts	44,395	65.1	29.4	10.5	6.1	6.2	2.2	40.9	4.8	0.0	NAT	NAT
253	322	Keighley	Kris Hopkins	68,865	71.3	52.7	33.6	5.3	6.2	2.2	0.0	0.0	0.0	CON	CON
254	321	Waveney	Peter Aldous	80,171	65.1	52.0	32.8	5.0	7.9	2.2	0.0	0.0	0.0	CON	CON
255	320	Carlisle	John Stevenson	65,827	64.7	52.6	33.3	5.1	6.9	1.7	0.0	0.0	0.3	CON	CON
256	319	Plymouth Moor View	Johnny Mercer	68,115	62.6	49.0	29.7	6.5	12.8	1.5	0.0	0.0	0.4	CON	CON
257	318	Harrow East	Bob Blackman	70,890	69.1	55.8	36.2	3.8	2.6	1.1	0.0	0.0	0.4	CON	CON
257	317	Gordon	Alex Salmond	79,393	73.3	23.0	3.1	30.7	2.0	0.5	40.4	0.0	0.3	NAT	NAT
257	317	Edinburgh West	Michelle Thomson	71,749	76.5	26.1	6.2	31.1	1.9	2.7	31.7	0.0	0.3	NAT	NAT
258	317	Crewe and Nantwich	Edward Timpson	74,039	67.4	53.3	33.2	5.3	8.2	0.0	0.0	0.0	0.0	CON	CON
259	316	Southampton Itchen	Royston Smith	72,309	61.8	51.4	31.4	6.6	7.4	2.6	0.0	0.0	0.6	CON	CON
260	315	Broxtowe	Anna Soubry	71,865	74.4	52.9	32.7	6.3	6.0	1.9	0.0	0.0	0.2	CON	CON
260	314	Dundee East	Stewart Hosie	66,960	72.0	30.8	10.5	2.6	0.1	2.6	52.4	0.0	1.1	NAT	NAT
261	314	Warwickshire North	Craig Tracey	70,152	67.5	52.0	31.6	5.1	9.8	1.2	0.0	0.0	0.3	CON	CON
262	313	Enfield Southgate	David Burrowes	64,938	70.5	55.3	34.6	5.1	2.5	2.4	0.0	0.0	0.0	CON	CON
263	312	Pudsey	Stuart Andrew	70,533	72.2	53.9	33.1	6.1	5.0	2.0	0.0	0.0	0.0	CON	CON
264	311	Finchley and Golders Green	Mike Freer	72,049	70.5	56.2	35.3	4.9	1.9	1.7	0.0	0.0	0.0	CON	CON
265	310	Halesowen and Rowley Regis	James Morris	74,203	59.1	52.7	31.7	5.0	9.3	1.3	0.0	0.0	0.0	CON	CON
266	309	Calder Valley	Craig Whittaker	77,753	68.9	52.0	30.9	7.6	6.0	2.5	0.0	0.0	1.1	CON	CON
267	308	Erewash	Maggie Throup	71,937	67.2	52.1	30.8	6.3	9.1	1.6	0.0	0.0	0.0	CON	CON
268	307	Ipswich	Ben Gummer	74,498	65.4	53.5	32.2	5.6	6.4	2.3	0.0	0.0	0.0	CON	CON
269	306	Aberdeen South	Callum McCaig	68,056	71.3	38.9	17.3	4.2	1.9	2.7	34.3	0.0	0.7	NAT	CON
270	305	Stroud	Neil Carmichael	80,522	75.5	53.8	32.2	5.9	4.5	2.9	0.0	0.0	0.6	CON	CON
271	304	Stockton South	James Wharton	75,109	69.0	54.2	32.5	4.9	5.9	1.2	0.0	0.0	1.2	CON	CON
272	303	Blackpool North and Cleveleys	Paul Maynard	62,469	63.1	53.3	31.6	5.1	8.2	1.5	0.0	0.0	0.2	CON	CON
273	302	Colne Valley	Jason McCartney	82,510	68.8	52.3	30.5	8.4	5.4	2.2	0.0	0.0	1.1	CON	CON
274	301	High Peak	Andrew Bingham	73,336	69.3	53.1	30.9	7.2	6.4	2.3	0.0	0.0	0.0	CON	CON
275	300	Sherwood	Mark Spencer	73,334	69.1	53.9	31.4	4.9	8.2	1.4	0.0	0.0	0.2	CON	CON
276	299	Southport	John Pugh	67,328	65.5	37.6	15.0	33.9	9.4	1.8	0.0	0.0	2.3	LIB	CON
276	298	Argyll and Bute	Brendan O'Hara	68,875	75.3	28.1	5.5	25.9	2.6	0.6	37.0	0.0	0.3	NAT	NAT
277	298	Stirling	Steven Paterson	67,236	77.5	39.0	16.1	2.4	0.1	3.8	38.3	0.0	0.4	NAT	CON
278	297	Amber Valley	Nigel Mills	70,226	65.1	53.3	30.3	5.8	9.0	1.5	0.0	0.0	0.0	CON	CON
279	296	Morecambe and Lunesdale	David Morris	66,476	65.0	53.9	30.6	6.3	6.9	2.1	0.0	0.0	0.2	CON	CON
280	295	Northampton North	Michael Ellis	59,147	66.6	52.7	29.2	6.7	8.8	2.5	0.0	0.0	0.1	CON	CON
281	294	Ribble South	Seema Kennedy	76,489	68.5	54.5	30.7	6.9	7.8	0.0	0.0	0.0	0.0	CON	CON
282	293	Bristol North West	Charlotte Leslie	76,626	67.6	52.8	28.9	8.9	5.4	3.6	0.0	0.0	0.4	CON	CON
283	292	Nuneaton	Marcus Jones	68,032	67.2	54.5	30.4	4.5	8.1	1.8	0.0	0.0	0.7	CON	CON
284	291	Hastings and Rye	Amber Rudd	75,095	67.8	54.1	30.0	6.1	7.4	2.4	0.0	0.0	0.0	CON	CON
284	290	Fife North East	Stephen Gethins	62,003	73.0	28.3	4.1	29.3	0.0	3.6	33.6	0.0	1.0	NAT	NAT
285	290	Rossendale and Darwen	Jake Berry	84,011	58.4	55.2	30.7	4.3	7.8	1.4	0.0	0.0	0.6	CON	CON
286	289	Preseli Pembrokeshire	Stephen Crabb	57,291	70.8	48.2	23.6	4.3	6.0	2.3	6.2	9.2	0.1	CON	CON
287	288	Pendle	Andrew Stephenson	64,657	68.7	55.2	30.6	5.8	6.8	1.5	0.0	0.0	0.0	CON	CON
288	287	Worcester	Robin Walker	71,003	70.0	54.1	29.5	6.1	7.2	2.6	0.0	0.0	0.5	CON	CON
289	286	Warwick and Leamington	Chris White	71,750	70.5	55.1	30.4	7.2	4.7	2.5	0.0	0.0	0.0	CON	CON
290	285	Stevenage	Stephen McPartland	70,597	67.7	54.0	29.3	6.2	7.8	1.8	0.0	0.0	0.8	CON	CON
291	284	Cannock Chase	Amanda Milling	74,531	63.2	54.0	29.2	5.7	9.8	1.2	0.0	0.0	0.1	CON	CON
292	283	Norwich North	Chloe Smith	65,136	66.9	53.4	28.6	7.3	7.5	2.9	0.0	0.0	0.4	CON	CON
293	282	Battersea	Jane Ellison	76,106	67.1	57.7	32.4	6.0	1.7	2.1	0.0	0.0	0.0	CON	CON
294	281	Vale of Glamorgan	Alun Cairns	72,187	71.1	53.5	28.1	4.9	6.1	1.3	5.6	0.0	0.5	CON	CON
295	280	Aberconwy	Guto Bebb	45,540	66.2	49.4	23.7	7.0	6.5	1.6	11.7	0.0	0.0	CON	CON
296	279	Northampton South	David Mackintosh	61,284	63.4	52.6	26.9	7.7	10.0	2.3	0.0	0.0	0.5	CON	CON
297	278	Dudley South	Mike Wood	60,363	63.3	54.2	28.1	5.4	10.6	1.6	0.0	0.0	0.1	CON	CON
298	277	Chipping Barnet	Theresa Villiers	77,853	68.1	55.9	29.7	6.7	4.3	3.0	0.0	0.0	0.3	CON	CON
299	276	Reading East	Rob Wilson	74,651	67.6	54.2	27.9	9.9	4.0	4.0	0.0	0.0	0.0	CON	CON
300	275	Swindon South	Robert Buckland	73,956	66.6	55.4	29.0	6.5	6.8	2.3	0.0	0.0	0.0	CON	CON
301	274	Reading West	Alok Sharma	72,302	66.9	55.9	28.8	7.4	5.5	1.8	0.0	0.0	0.7	CON	CON
302	273	Elmet and Rothwell	Alec Shelbrooke	79,143	73.0	56.3	29.2	7.0	6.0	1.4	0.0	0.0	0.0	CON	CON
303	272	Carmarthen West and Pembrokeshire South	Simon Hart	57,755	69.9	51.8	24.2	4.9	6.6	2.1	10.4	0.0	0.0	CON	CON
304	271	Crawley	Henry Smith	73,940	65.7	56.5	28.4	5.7	7.9	1.4	0.0	0.0	0.0	CON	CON
305	270	Scarborough and Whitby	Robert Goodwill	73,511	64.9	53.8	25.7	7.8	9.2	3.0	0.0	0.0	0.5	CON	CON
306	269	Carshalton and Wallington	Tom Brake	69,866	68.1	40.1	11.7	37.5	8.2	2.0	0.0	0.0	0.5	LIB	CON
307	268	Stourbridge	Margot James	69,077	66.6	55.7	27.0	6.3	9.5	1.4	0.0	0.0	0.0	CON	CON
308	267	Milton Keynes South	Iain Stewart	87,968	67.0	56.0	27.2	6.8	7.2	2.1	0.0	0.0	0.7	CON	CON
309	266	Gloucester	Richard Graham	82,949	63.4	55.0	26.0	8.4	8.1	1.8	0.0	0.0	0.7	CON	CON
310	265	Dover	Charlie Elphicke	72,929	68.9	54.8	25.6	6.7	11.3	1.6	0.0	0.0	0.1	CON	CON
311	264	Clwyd West	David Jones	58,657	64.8	51.0	21.1	6.0	7.5	0.0	12.2	0.0	2.2	CON	CON
312	263	Redditch	Karen Lumley	65,529	67.3	56.5	26.6	6.0	9.1	1.4	0.0	0.0	0.4	CON	CON
313	262	Great Yarmouth	Brandon Lewis	69,793	63.7	54.2	24.2	5.8	14.0	1.4	0.0	0.0	0.4	CON	CON
314	261	Watford	Richard Harrington	84,270	66.6	51.2	21.1	20.5	5.3	1.5	0.0	0.0	0.4	CON	CON
315	260	Loughborough	Nicky Morgan	72,644	71.6	57.5	27.4	6.6	6.2	2.3	0.0	0.0	0.0	CON	CON
316	259	Dumfries and Galloway	Richard Arkless	75,249	75.2	45.7	15.3	1.5	2.4	0.7	34.1	0.0	0.4	NAT	CON
317	258	Milton Keynes North	Mark Lancaster	84,892	68.0	56.1	25.4	8.9	6.5	2.5	0.0	0.0	0.5	CON	CON
318	257	Portsmouth South	Flick Drummond	71,639	58.5	45.4	14.5	25.6	7.4	4.7	0.0	1.7	0.9	CON	CON
319	256	Thanet South	Craig Mackinlay	70,182	70.4	49.5	18.6	5.4	23.5	1.4	0.0	0.0	1.7	CON	CON
320	255	Camborne and Redruth	George Eustice	66,944	68.5	50.9	19.4	15.7	8.4	3.6	0.0	0.0	2.0	CON	CON
321	254	Shipley	Philip Davies	70,466	71.7	58.0	26.5	6.3	4.8	3.4	0.0	0.0	1.1	CON	CON
322	253	Shrewsbury and Atcham	Daniel Kawczynski	76,460	70.8	54.9	23.3	10.8	8.1	2.7	0.0	0.0	0.2	CON	CON
322	252	Norfolk North	Norman Lamb	68,958	71.7	39.4	7.7	41.7	9.2	1.9	0.0	0.0	0.0	LIB	LIB
323	252	Stafford	Jeremy Lefroy	68,705	71.0	56.9	25.1	5.4	7.2	1.8	0.0	3.5	0.0	CON	CON
324	251	Kensington	Victoria Borwick	61,333	56.8	58.5	26.7	7.6	2.5	3.3	0.0	0.0	1.5	CON	CON
325	250	Chingford and Woodford Green	Iain Duncan Smith	66,691	65.7	56.8	24.3	8.2	7.1	2.7	0.0	0.0	0.7	CON	CON
326	249	Cleethorpes	Martin Vickers	70,514	63.9	57.2	24.6	6.2	10.0	1.5	0.0	0.0	0.5	CON	CON
327	248	Gravesham	Adam Holloway	74,307	67.5	57.7	25.0	5.6	10.3	1.4	0.0	0.0	0.1	CON	CON
327	247	Westmorland and Lonsdale	Tim Farron	65,857	74.3	37.2	4.2	52.7	3.5	2.4	0.0	0.0	0.0	LIB	LIB
328	247	Harlow	Robert Halfon	67,994	65.1	58.8	25.1	5.1	8.9	1.4	0.0	0.0	0.7	CON	CON
329	246	Basildon South and East Thurrock	Stephen Metcalfe	73,210	62.3	54.1	20.3	6.3	17.4	0.0	0.0	0.0	1.9	CON	CON
330	245	Kingston and Surbiton	James Berry	81,277	72.9	45.2	11.2	36.3	4.0	2.5	0.0	0.0	0.7	CON	CON
331	244	Canterbury	Julian Brazier	83,481	64.0	53.5	19.4	14.9	7.5	4.4	0.0	0.0	0.4	CON	CON
332	243	Kingswood	Chris Skidmore	67,992	70.8	58.2	24.1	6.8	8.4	1.8	0.0	0.0	0.7	CON	CON
333	242	Rugby	Mark Pawsey	79,557	61.6	57.9	23.5	8.4	7.9	1.9	0.0	0.0	0.5	CON	CON
334	241	Putney	Justine Greening	63,918	67.0	60.0	25.5	8.3	2.6	3.1	0.0	0.0	0.5	CON	CON
335	240	Basingstoke	Maria Miller	79,662	66.6	57.8	22.5	10.2	8.6	0.0	0.0	0.0	0.8	CON	CON
335	239	Angus	Michael Weir	65,792	67.6	39.9	4.7	2.5	3.1	2.7	46.9	0.0	0.3	NAT	NAT
336	239	Colchester	Will Quince	74,203	65.5	47.5	12.2	30.1	6.6	3.3	0.0	0.0	0.3	CON	CON
337	238	Hazel Grove	William Wragg	63,098	68.5	49.1	13.7	28.6	6.8	1.7	0.0	0.0	0.0	CON	CON
338	237	Monmouth	David Davies	65,706	72.2	57.7	22.3	7.7	5.9	2.2	4.0	0.0	0.3	CON	CON
338	236	Banff and Buchan	Eilidh Whiteford	68,609	66.5	38.7	3.1	4.6	0.0	0.4	52.9	0.0	0.2	NAT	NAT
339	236	St Albans	Anne Main	72,507	75.1	54.1	18.4	20.8	4.3	2.4	0.0	0.0	0.0	CON	CON
340	235	Brecon and Radnorshire	Christopher Davies	54,311	73.8	47.2	11.4	30.2	4.7	2.0	4.4	0.0	0.0	CON	CON
341	234	Cheadle	Mary Robinson	73,239	72.5	48.6	12.8	32.7	4.6	0.0	0.0	0.0	1.3	CON	CON
342	233	Filton and Bradley Stoke	Jack Lopresti	70,722	69.4	57.0	21.1	10.5	8.4	2.9	0.0	0.0	0.1	CON	CON
343	232	Clacton	Douglas Carswell	68,936	64.1	47.0	10.9	5.0	35.3	1.7	0.0	0.0	0.1	UKIP	CON
344	231	Leicestershire North West	Andrew Bridgen	72,194	71.4	59.1	23.0	6.9	9.5	1.5	0.0	0.0	0.0	CON	CON
345	230	Bexleyheath and Crayford	David Evennett	64,828	67.4	58.0	21.8	6.3	12.1	1.4	0.0	0.0	0.4	CON	CON
346	229	Bath	Ben Howlett	60,869	77.5	45.9	9.5	32.2	3.5	7.6	0.0	0.0	1.2	CON	CON
347	228	Wimbledon	Stephen Hammond	65,853	73.5	58.3	21.6	14.6	2.8	2.6	0.0	0.0	0.0	CON	CON
348	227	Berwick-upon-Tweed	Anne-Marie Trevelyan	58,098	69.6	48.4	11.6	31.2	6.2	2.4	0.0	0.0	0.3	CON	CON
349	226	York Outer	Julian Sturdy	78,561	68.6	57.2	20.3	14.1	5.2	3.1	0.0	0.0	0.0	CON	CON
350	225	Derbyshire South	Heather Wheeler	74,395	68.2	59.3	22.3	6.8	10.0	1.5	0.0	0.0	0.1	CON	CON
351	224	Twickenham	Tania Mathias	80,242	77.3	46.0	8.9	39.5	2.7	2.6	0.0	0.0	0.3	CON	CON
352	223	Aberdeenshire West and Kincardine	Stuart Donaldson	73,445	75.2	39.5	2.4	19.4	1.9	2.1	34.3	0.0	0.5	NAT	CON
353	222	Burton	Andrew Griffiths	75,300	65.5	60.1	22.8	5.6	9.9	1.6	0.0	0.0	0.1	CON	CON
354	221	Moray	Angus Robertson	71,685	68.7	42.5	5.2	2.6	4.0	3.2	42.2	0.0	0.3	NAT	CON
355	220	Uxbridge and South Ruislip	Boris Johnson	70,634	63.4	59.3	21.9	7.7	7.8	2.0	0.0	0.0	1.2	CON	CON
356	219	Staffordshire Moorlands	Karen Bradley	63,104	67.5	60.2	22.7	6.9	8.2	1.9	0.0	0.0	0.0	CON	CON
357	218	Altrincham and Sale West	Graham Brady	72,004	70.2	60.1	22.3	10.6	4.5	2.5	0.0	0.0	0.0	CON	CON
358	217	Cities of London and Westminster	Mark Field	60,992	59.3	60.7	22.9	9.0	2.9	3.5	0.0	0.0	1.0	CON	CON
359	216	Lewes	Maria Caulfield	69,481	72.7	45.2	7.3	38.1	5.9	3.4	0.0	0.0	0.0	CON	CON
360	215	Beverley and Holderness	Graham Stuart	80,822	65.2	58.4	20.5	8.7	9.0	2.2	0.0	0.0	1.3	CON	CON
361	214	Bosworth	David Tredinnick	79,742	67.2	51.6	13.6	25.0	9.8	0.0	0.0	0.0	0.0	CON	CON
362	213	Wrekin, The	Mark Pritchard	65,942	68.9	59.6	21.5	7.4	9.4	2.1	0.0	0.0	0.1	CON	CON
363	212	Swindon North	Justin Tomlinson	81,005	64.5	60.5	22.3	6.4	8.7	2.1	0.0	0.0	0.1	CON	CON
364	211	Rushcliffe	Kenneth Clarke	73,294	75.3	60.1	21.9	7.7	6.1	4.2	0.0	0.0	0.0	CON	CON
365	210	Welwyn Hatfield	Grant Shapps	73,264	68.5	59.5	21.3	9.1	7.1	2.2	0.0	0.0	0.8	CON	CON
366	209	Rochford and Southend East	James Duddridge	71,935	60.6	58.4	19.8	7.0	11.4	3.3	0.0	0.0	0.1	CON	CON
367	208	Tamworth	Christopher Pincher	71,912	65.6	60.3	21.6	6.2	10.4	1.5	0.0	0.0	0.1	CON	CON
368	207	Gillingham and Rainham	Rehman Chishti	72,609	64.8	59.3	20.5	7.1	10.8	1.5	0.0	0.0	0.9	CON	CON
369	206	Sutton and Cheam	Paul Scully	69,160	72.2	47.6	8.6	35.6	5.9	1.4	0.0	0.0	0.9	CON	CON
370	205	St Ives	Derek Thomas	65,570	73.7	45.9	6.8	35.5	6.7	4.0	0.0	0.0	1.1	CON	CON
371	204	Perth and North Perthshire	Peter Wishart	72,447	74.8	43.5	4.3	3.4	2.1	2.6	43.2	0.0	0.9	NAT	CON
372	203	Selby and Ainsty	Nigel Adams	76,082	69.4	61.6	22.3	6.4	7.5	1.8	0.0	0.0	0.3	CON	CON
373	202	Forest of Dean	Mark Harper	69,882	70.9	58.4	19.1	8.9	10.1	3.5	0.0	0.0	0.1	CON	CON
374	201	Wyre Forest	Mark Garnier	77,451	63.8	54.6	14.9	5.3	9.0	1.5	0.0	14.6	0.0	CON	CON
375	200	Portsmouth North	Penny Mordaunt	73,105	62.1	58.4	18.6	9.7	10.5	2.0	0.0	0.0	0.7	CON	CON
376	199	Brigg and Goole	Andrew Percy	68,486	63.2	62.5	22.7	4.7	8.3	1.4	0.0	0.0	0.5	CON	CON
377	198	Eastbourne	Caroline Ansell	78,262	67.6	45.8	5.8	40.1	6.4	1.6	0.0	0.0	0.3	CON	CON
378	197	Somerset North East	Jacob Rees-Mogg	69,380	73.7	59.4	19.3	10.9	6.8	3.5	0.0	0.0	0.0	CON	CON
379	196	Ribble Valley	Nigel Evans	77,873	67.1	58.4	18.2	8.3	8.8	2.7	0.0	0.0	3.6	CON	CON
380	195	Dartford	Gareth Johnson	76,686	68.4	60.4	20.3	6.3	11.0	1.6	0.0	0.0	0.5	CON	CON
381	194	Derbyshire Mid	Pauline Latham	67,576	70.6	61.2	21.0	7.6	7.7	2.6	0.0	0.0	0.0	CON	CON
382	193	Eddisbury	Antoinette Sandbach	68,636	69.0	59.5	19.1	11.7	6.9	2.2	0.0	0.0	0.7	CON	CON
383	192	Hexham	Guy Opperman	60,614	71.5	61.0	20.4	9.4	5.5	3.6	0.0	0.0	0.0	CON	CON
384	191	Dorset South	Richard Drax	71,974	67.5	59.3	18.7	9.2	8.5	3.0	0.0	0.0	1.3	CON	CON
385	190	Rochester and Strood	Kelly Tolhurst	79,000	66.5	55.6	14.7	5.9	21.5	1.8	0.0	0.0	0.4	CON	CON
386	189	Thornbury and Yate	Luke Hall	65,884	73.7	46.9	5.6	39.7	6.0	1.7	0.0	0.0	0.0	CON	CON
387	188	Boston and Skegness	Matt Warman	67,834	63.9	54.1	12.8	5.5	24.6	1.2	0.0	0.0	1.8	CON	CON
388	187	Wyre and Preston North	Ben Wallace	70,697	70.6	61.8	20.5	8.1	7.3	2.2	0.0	0.0	0.0	CON	CON
389	186	Eastleigh	Mims Davies	79,609	69.7	51.0	9.6	28.5	8.7	1.7	0.0	0.0	0.5	CON	CON
390	185	Torbay	Kevin Foster	76,259	63.0	47.9	6.3	36.0	7.7	2.1	0.0	0.0	0.0	CON	CON
391	184	St Austell and Newquay	Steve Double	76,607	65.7	49.2	7.4	26.7	9.6	2.9	0.0	0.0	4.1	CON	CON
392	183	Kettering	Philip Hollobone	70,155	67.3	62.1	20.3	6.3	8.8	2.2	0.0	0.0	0.4	CON	CON
393	182	Croydon South	Chris Philp	82,010	70.4	62.5	20.3	8.4	5.8	2.4	0.0	0.0	0.5	CON	CON
394	181	Truro and Falmouth	Sarah Newton	73,601	70.0	53.4	11.0	19.7	6.6	5.5	0.0	0.0	3.8	CON	CON
395	180	Derbyshire Dales	Patrick McLoughlin	63,470	74.6	60.9	18.3	11.0	6.6	3.0	0.0	0.0	0.4	CON	CON
396	179	Wycombe	Steven Baker	76,371	67.4	60.3	17.6	11.6	5.5	3.9	0.0	0.0	1.2	CON	CON
397	178	Oxford West and Abingdon	Nicola Blackwood	79,767	71.8	51.8	9.2	30.8	3.9	2.8	0.0	0.0	1.4	CON	CON
398	177	Fylde	Mark Menzies	65,679	66.3	57.4	14.7	6.3	7.1	2.0	0.0	11.9	0.6	CON	CON
399	176	Macclesfield	David Rutley	71,580	69.3	61.4	18.2	10.5	6.8	3.1	0.0	0.0	0.0	CON	CON
400	175	Chatham and Aylesford	Tracey Crouch	68,625	62.8	61.6	18.4	6.7	11.0	1.6	0.0	0.0	0.7	CON	CON
401	174	Hemel Hempstead	Michael Penning	74,616	66.5	62.6	18.9	7.8	7.9	2.2	0.0	0.0	0.6	CON	CON
402	173	Berwickshire, Roxburgh and Selkirk	Calum Kerr	74,179	74.2	46.7	2.6	16.8	2.4	1.6	29.3	0.0	0.5	NAT	CON
403	172	Hornchurch and Upminster	Angela Watkinson	79,331	69.6	59.8	15.6	6.1	16.4	1.6	0.0	0.0	0.4	CON	CON
404	171	Yeovil	Marcus Fysh	82,446	69.1	49.4	5.2	35.3	7.6	2.5	0.0	0.0	0.0	CON	CON
405	170	Isle of Wight	Andrew Turner	108,804	64.6	53.9	9.5	11.5	12.2	8.3	0.0	0.0	4.6	CON	CON
406	169	Basildon and Billericay	John Baron	68,459	62.9	63.3	18.8	7.1	10.8	0.0	0.0	0.0	0.1	CON	CON
407	168	Bridgwater and West Somerset	Ian Liddell-Grainger	80,491	67.6	57.3	12.8	15.9	10.9	3.1	0.0	0.0	0.1	CON	CON
408	167	Bromley and Chislehurst	Bob Neill	65,476	67.3	62.3	17.7	9.3	7.9	2.7	0.0	0.0	0.0	CON	CON
409	166	Aldridge-Brownhills	Wendy Morton	60,215	65.6	62.6	17.9	6.6	11.0	1.4	0.0	0.0	0.6	CON	CON
410	165	Leicestershire South	Alberto Costa	76,877	70.1	62.4	17.6	10.2	9.8	0.0	0.0	0.0	0.0	CON	CON
411	164	Yorkshire East	Greg Knight	81,030	61.7	61.2	16.2	9.2	9.6	2.2	0.0	0.0	1.5	CON	CON
412	163	Cambridgeshire South East	Lucy Frazer	84,570	70.4	56.5	11.4	22.7	6.0	3.3	0.0	0.0	0.0	CON	CON
413	162	Norfolk North West	Henry Bellingham	72,400	65.4	63.1	17.9	6.9	9.7	2.4	0.0	0.0	0.1	CON	CON
414	161	Devon East	Hugo Swire	74,224	73.7	52.7	7.4	8.7	7.1	0.0	0.0	24.0	0.0	CON	CON
415	160	Romford	Andrew Rosindell	72,594	67.7	61.8	16.4	6.2	13.9	1.6	0.0	0.0	0.1	CON	CON
416	159	Gainsborough	Edward Leigh	73,212	67.3	62.3	16.8	9.6	8.4	1.7	0.0	0.0	1.1	CON	CON
417	158	Devon North	Peter Heaton-Jones	74,737	70.0	50.6	5.1	31.9	8.4	3.7	0.0	0.0	0.3	CON	CON
418	157	Charnwood	Edward Argar	77,269	67.6	63.0	17.5	9.6	9.0	0.0	0.0	0.0	1.0	CON	CON
419	156	Dumfriesshire, Clydesdale and Tweeddale	David Mundell	68,483	76.1	53.4	7.8	2.4	2.9	2.2	31.0	0.0	0.3	CON	CON
420	155	Bromsgrove	Sajid Javid	73,329	71.2	63.4	17.7	7.9	8.8	2.1	0.0	0.0	0.0	CON	CON
421	154	Weston-Super-Mare	John Penrose	79,493	66.1	59.0	13.2	13.8	10.1	3.1	0.0	0.0	0.6	CON	CON
422	153	Sutton Coldfield	Andrew Mitchell	74,956	67.8	63.7	17.8	8.0	8.3	1.8	0.0	0.0	0.4	CON	CON
423	152	Maidstone and The Weald	Helen Grant	73,181	68.3	53.8	7.8	26.6	8.8	1.7	0.0	0.0	1.3	CON	CON
424	151	Worthing East and Shoreham	Tim Loughton	74,272	67.2	60.5	14.5	10.1	9.2	3.2	0.0	0.0	2.5	CON	CON
425	150	Cheltenham	Alex Chalk	77,286	69.5	51.4	5.3	35.6	4.0	3.2	0.0	0.0	0.5	CON	CON
426	149	Cambridgeshire South	Heidi Allen	84,132	73.1	59.5	13.3	17.8	5.3	4.0	0.0	0.0	0.0	CON	CON
427	148	Sittingbourne and Sheppey	Gordon Henderson	76,018	65.0	60.8	14.5	6.7	15.9	1.5	0.0	0.0	0.6	CON	CON
428	147	Montgomeryshire	Glyn Davies	48,491	69.6	50.7	4.4	31.0	6.4	2.4	5.2	0.0	0.0	CON	CON
429	146	Congleton	Fiona Bruce	72,398	70.4	62.2	15.9	11.8	7.6	2.4	0.0	0.0	0.0	CON	CON
430	145	Shropshire North	Owen Paterson	78,910	66.6	62.1	15.6	9.3	9.9	3.2	0.0	0.0	0.1	CON	CON
431	144	Southend West	David Amess	66,876	66.6	60.6	13.8	12.6	9.5	3.0	0.0	0.0	0.4	CON	CON
432	143	Broadland	Keith Simpson	74,680	71.1	60.9	14.2	13.0	9.1	2.7	0.0	0.0	0.1	CON	CON
433	142	Haltemprice and Howden	David Davis	71,205	68.5	63.5	16.5	9.1	7.5	2.4	0.0	0.0	1.0	CON	CON
434	141	Harwich and North Essex	Bernard Jenkin	69,289	69.9	62.0	14.9	10.7	9.5	2.8	0.0	0.0	0.1	CON	CON
435	140	Thanet North	Roger Gale	70,504	66.7	60.4	13.3	7.0	16.8	2.3	0.0	0.0	0.3	CON	CON
436	139	Wells	James Heappey	79,405	71.7	51.9	4.8	34.6	5.6	2.6	0.0	0.0	0.5	CON	CON
437	138	Banbury	Victoria Prentis	86,420	67.1	63.1	15.8	9.0	7.9	3.0	0.0	0.0	1.3	CON	CON
438	137	Bournemouth West	Conor Burns	72,082	58.0	60.1	12.8	11.5	10.5	4.7	0.0	0.0	0.3	CON	CON
439	136	Chelmsford	Simon Burns	78,580	68.5	60.7	13.3	14.7	7.7	2.3	0.0	0.0	1.3	CON	CON
440	135	Spelthorne	Kwasi Kwarteng	71,592	68.6	61.2	13.8	10.0	11.9	2.2	0.0	0.0	1.0	CON	CON
441	134	Cornwall North	Scott Mann	67,192	71.8	51.5	3.9	33.2	7.2	2.7	0.0	0.0	1.4	CON	CON
442	133	Solihull	Julian Knight	77,251	70.9	55.7	8.0	27.6	6.5	1.9	0.0	0.0	0.2	CON	CON
443	132	Aldershot	Gerald Howarth	72,434	63.8	61.5	13.6	12.2	9.9	2.7	0.0	0.0	0.1	CON	CON
444	131	Chippenham	Michelle Donelan	74,225	74.6	54.0	6.0	31.3	6.0	2.7	0.0	0.0	0.0	CON	CON
445	130	Newark	Robert Jenrick	73,724	70.9	65.4	17.3	7.1	6.8	2.2	0.0	0.0	1.3	CON	CON
446	129	Newton Abbot	Anne-Marie Morris	69,743	69.1	55.2	7.1	26.3	7.9	2.9	0.0	0.0	0.5	CON	CON
447	128	Bournemouth East	Tobias Ellwood	71,956	62.3	60.1	12.0	11.7	9.4	4.6	0.0	0.0	2.1	CON	CON
448	127	Louth and Horncastle	Victoria Atkins	74,280	67.8	62.1	14.0	7.9	12.2	2.0	0.0	0.0	1.9	CON	CON
449	126	Old Bexley and Sidcup	James Brokenshire	66,035	70.8	63.0	14.8	6.7	10.1	1.8	0.0	2.6	1.0	CON	CON
450	125	Folkestone and Hythe	Damian Collins	83,612	65.8	59.1	10.7	12.3	13.8	3.3	0.0	0.0	0.8	CON	CON
451	124	Taunton Deane	Rebecca Pow	81,830	70.7	55.2	6.7	23.5	6.8	2.9	0.0	4.4	0.4	CON	CON
452	123	Suffolk South	James Cartlidge	73,220	70.9	63.1	14.6	10.9	8.3	2.8	0.0	0.0	0.4	CON	CON
453	122	Stone	William Cash	67,339	69.8	64.2	15.7	8.2	9.1	1.6	0.0	0.0	1.2	CON	CON
454	121	Suffolk Coastal	Therese Coffey	77,537	71.7	62.3	13.6	11.8	8.5	3.8	0.0	0.0	0.1	CON	CON
455	120	Wellingborough	Peter Bone	77,127	65.4	63.7	14.7	8.0	10.7	2.8	0.0	0.0	0.1	CON	CON
456	119	Norfolk South West	Elizabeth Truss	76,970	65.1	62.2	13.0	7.9	14.1	2.7	0.0	0.0	0.1	CON	CON
457	118	Harborough	Edward Garnier	77,760	67.5	61.2	11.9	16.0	8.1	2.7	0.0	0.0	0.0	CON	CON
458	117	Norfolk Mid	George Freeman	76,975	67.8	63.3	13.9	9.8	10.4	2.7	0.0	0.0	0.1	CON	CON
459	116	Hitchin and Harpenden	Peter Lilley	74,839	74.0	65.2	15.8	10.7	4.8	3.6	0.0	0.0	0.0	CON	CON
460	115	Lichfield	Michael Fabricant	83,339	61.8	64.8	15.4	8.2	8.8	2.5	0.0	0.0	0.3	CON	CON
461	114	Huntingdon	Jonathan Djanogly	82,404	67.9	63.4	13.8	11.0	9.2	2.5	0.0	0.0	0.1	CON	CON
462	113	Grantham and Stamford	Nicholas Boles	81,151	66.2	62.8	13.1	9.1	9.4	2.2	0.0	0.0	3.3	CON	CON
463	112	Thirsk and Malton	Kevin Hollinrake	77,451	67.6	61.7	12.0	11.8	8.0	3.0	0.0	0.0	3.5	CON	CON
464	111	Bedfordshire South West	Andrew Selous	79,664	64.4	65.2	15.4	8.3	8.4	2.7	0.0	0.0	0.1	CON	CON
465	110	Hertsmere	Oliver Dowden	73,753	67.9	67.4	17.5	8.1	6.9	0.0	0.0	0.0	0.0	CON	CON
466	109	Richmond	Rishi Sunak	83,451	64.7	60.1	10.2	9.1	8.2	2.8	0.0	6.2	3.4	CON	CON
467	108	Aylesbury	David Lidington	80,611	68.7	61.4	11.4	13.9	10.7	2.5	0.0	0.0	0.1	CON	CON
468	107	Norfolk South	Richard Bacon	78,885	72.4	63.9	13.9	11.2	7.5	3.5	0.0	0.0	0.0	CON	CON
469	106	Meriden	Caroline Spelman	81,079	64.9	64.8	14.7	8.1	9.5	2.7	0.0	0.0	0.2	CON	CON
470	105	Ashford	Damian Green	85,189	67.3	63.7	13.7	9.5	10.4	2.7	0.0	0.0	0.1	CON	CON
471	104	Suffolk West	Matthew Hancock	76,197	64.6	63.3	13.2	8.4	12.6	2.3	0.0	0.0	0.1	CON	CON
472	103	Cambridgeshire North West	Shailesh Vara	91,783	66.6	63.7	13.5	9.2	11.0	2.3	0.0	0.0	0.4	CON	CON
473	102	Poole	Robert Syms	72,557	65.3	59.6	9.3	14.7	9.5	3.0	0.0	0.0	3.9	CON	CON
474	101	Chelsea and Fulham	Greg Hands	63,478	63.4	69.1	18.7	7.1	2.8	2.4	0.0	0.0	0.0	CON	CON
475	100	Hertfordshire North East	Oliver Heald	73,944	70.7	64.8	14.3	10.5	7.0	3.4	0.0	0.0	0.0	CON	CON
476	99	Castle Point	Rebecca Harris	68,170	66.7	61.0	10.4	4.9	22.1	1.5	0.0	0.0	0.1	CON	CON
477	98	Wantage	Ed Vaizey	83,516	69.8	62.2	11.6	15.8	7.1	3.3	0.0	0.0	0.0	CON	CON
478	97	Braintree	James Cleverly	73,557	68.4	64.6	14.0	8.3	10.2	2.0	0.0	0.0	0.9	CON	CON
479	96	Dorset West	Oliver Letwin	78,427	72.0	58.0	7.2	24.0	7.1	3.7	0.0	0.0	0.0	CON	CON
480	95	Beckenham	Bob Stewart	67,436	72.4	65.9	15.1	9.6	6.9	2.5	0.0	0.0	0.0	CON	CON
481	94	Bury St Edmunds	Jo Churchill	85,993	69.0	64.2	13.4	9.3	8.0	5.1	0.0	0.0	0.1	CON	CON
482	93	Worthing West	Peter Bottomley	75,617	67.1	62.4	11.6	12.2	10.1	3.6	0.0	0.0	0.1	CON	CON
483	92	Sleaford and North Hykeham	Stephen Phillips	88,188	70.2	64.7	13.4	8.3	8.4	0.0	0.0	0.0	5.3	CON	CON
484	91	Havant	Alan Mak	70,573	63.5	63.1	11.8	10.1	11.7	3.3	0.0	0.0	0.1	CON	CON
485	90	Skipton and Ripon	Julian Smith	76,243	71.6	64.9	13.5	10.3	7.5	3.7	0.0	0.0	0.0	CON	CON
486	89	Suffolk Central and Ipswich North	Daniel Poulter	78,782	68.7	65.7	14.2	9.1	7.5	3.2	0.0	0.0	0.3	CON	CON
487	88	Harrogate and Knaresborough	Andrew Jones	77,379	69.0	59.4	7.9	24.1	5.7	2.8	0.0	0.0	0.0	CON	CON
488	87	Bognor Regis and Littlehampton	Nick Gibb	73,095	64.5	62.1	10.2	12.3	12.8	2.6	0.0	0.0	0.1	CON	CON
489	86	Hertford and Stortford	Mark Prisk	78,906	71.3	65.4	13.5	10.6	7.3	3.1	0.0	0.0	0.0	CON	CON
490	85	Ruislip, Northwood and Pinner	Nick Hurd	73,219	70.0	67.6	15.7	7.4	6.1	2.3	0.0	0.0	1.0	CON	CON
491	84	Tatton	George Osborne	64,512	70.2	66.4	14.2	10.9	6.0	2.4	0.0	0.0	0.0	CON	CON
492	83	Somerset North	Liam Fox	80,115	73.6	62.6	10.4	15.5	7.4	4.1	0.0	0.0	0.0	CON	CON
493	82	Tewkesbury	Laurence Robertson	78,500	70.5	63.0	10.7	16.4	7.3	2.5	0.0	0.0	0.0	CON	CON
494	81	Cornwall South East	Sheryll Murray	71,071	71.1	59.0	6.7	19.5	8.7	3.4	0.0	0.0	2.7	CON	CON
495	80	Woking	Jonathan Lord	74,287	70.0	64.4	12.0	14.2	6.2	2.5	0.0	0.0	0.7	CON	CON
496	79	Devon Central	Mel Stride	72,737	74.9	61.7	9.3	15.1	7.5	5.7	0.0	0.0	0.7	CON	CON
497	78	Hereford and South Herefordshire	Jesse Norman	70,711	66.8	62.3	9.9	13.6	9.4	4.7	0.0	0.0	0.1	CON	CON
498	77	Dorset Mid and Poole North	Michael Tomlinson	68,917	67.5	56.9	4.3	30.1	6.9	1.8	0.0	0.0	0.0	CON	CON
499	76	Rutland and Melton	Alan Duncan	79,789	68.4	64.7	11.9	10.9	9.0	2.7	0.0	0.0	0.8	CON	CON
500	75	Faversham and Kent Mid	Helen Whately	69,523	65.9	64.8	12.0	9.8	9.9	2.4	0.0	0.0	1.0	CON	CON
501	74	Hertfordshire South West	David Gauke	79,666	71.9	65.2	12.3	12.8	6.3	2.9	0.0	0.0	0.5	CON	CON
502	73	Epping Forest	Eleanor Laing	73,545	67.1	65.1	12.2	10.2	10.0	2.3	0.0	0.0	0.2	CON	CON
503	72	Romsey and Southampton North	Caroline Nokes	66,519	72.8	61.9	8.8	20.0	6.3	2.9	0.0	0.0	0.0	CON	CON
504	71	Wiltshire South West	Andrew Murrison	73,030	70.7	62.8	9.7	13.8	9.9	3.7	0.0	0.0	0.1	CON	CON
505	70	Bracknell	Phillip Lee	78,131	67.9	65.6	12.5	10.5	8.7	2.6	0.0	0.0	0.1	CON	CON
506	69	Broxbourne	Charles Walker	72,944	63.1	67.0	13.9	6.6	10.7	1.7	0.0	0.0	0.1	CON	CON
507	68	Salisbury	John Glen	69,590	72.9	64.3	11.1	12.7	6.9	3.5	0.0	0.0	1.5	CON	CON
508	67	Ludlow	Philip Dunne	66,423	72.4	62.7	9.5	16.1	8.4	3.3	0.0	0.0	0.0	CON	CON
509	66	Devon West and Torridge	Geoffrey Cox	78,582	72.0	61.0	7.7	16.4	10.4	4.4	0.0	0.0	0.1	CON	CON
510	65	Bedfordshire Mid	Nadine Dorries	81,144	71.6	65.5	12.0	10.1	8.4	2.7	0.0	0.0	1.2	CON	CON
511	64	Richmond Park	Zac Goldsmith	77,297	76.5	63.3	9.6	20.9	2.3	3.9	0.0	0.0	0.0	CON	CON
512	63	Kenilworth and Southam	Jeremy Wright	65,245	74.8	65.8	11.9	12.4	6.3	2.6	0.0	0.0	1.1	CON	CON
513	62	Sussex Mid	Nicholas Soames	79,520	72.3	64.2	10.3	14.0	6.6	2.7	0.0	0.0	2.3	CON	CON
514	61	Totnes	Sarah Wollaston	68,630	68.6	63.1	9.2	13.0	8.0	6.6	0.0	0.0	0.1	CON	CON
515	60	Devon South West	Gary Streeter	71,035	70.9	66.2	12.1	10.4	8.2	3.0	0.0	0.0	0.0	CON	CON
516	59	Wokingham	John Redwood	77,881	71.9	65.0	10.8	15.8	5.4	2.3	0.0	0.0	0.7	CON	CON
517	58	Daventry	Chris Heaton-Harris	72,753	72.2	68.0	13.7	7.5	8.6	2.2	0.0	0.0	0.1	CON	CON
518	57	Winchester	Steve Brine	74,119	74.6	60.6	6.2	26.1	4.1	3.0	0.0	0.0	0.0	CON	CON
519	56	Worcestershire West	Harriett Baldwin	73,415	73.7	64.9	10.4	12.4	8.1	4.2	0.0	0.0	0.0	CON	CON
520	55	Orpington	Joseph Johnson	68,129	72.0	66.7	12.1	9.6	9.2	2.3	0.0	0.0	0.0	CON	CON
521	54	Staffordshire South	Gavin Williamson	84,243	58.9	68.9	14.2	5.8	9.4	1.7	0.0	0.0	0.0	CON	CON
522	53	Tiverton and Honiton	Neil Parish	76,270	70.5	63.8	9.2	13.5	9.4	4.0	0.0	0.0	0.1	CON	CON
523	52	Fareham	Suella Fernandes	77,233	70.8	65.3	10.6	11.6	8.5	2.4	0.0	0.0	1.6	CON	CON
524	51	Cambridgeshire North East	Stephen Barclay	82,990	62.4	65.7	10.9	7.7	13.4	2.3	0.0	0.0	0.1	CON	CON
525	50	Bexhill and Battle	Huw Merriman	78,796	70.1	65.3	10.5	10.8	10.2	3.2	0.0	0.0	0.1	CON	CON
526	49	Guildford	Anne Milton	76,554	70.5	63.8	9.0	17.6	4.9	2.9	0.0	0.0	1.8	CON	CON
527	48	Gosport	Caroline Dinenage	73,271	65.1	65.8	10.8	10.2	10.7	2.2	0.0	0.0	0.3	CON	CON
528	47	Epsom and Ewell	Chris Grayling	78,633	72.7	66.7	11.5	11.3	6.9	2.3	0.0	0.0	1.3	CON	CON
529	46	Worcestershire Mid	Nigel Huddleston	73,069	71.5	66.4	11.2	10.1	9.9	2.4	0.0	0.0	0.0	CON	CON
530	45	Rayleigh and Wickford	Mark Francois	77,870	68.3	64.7	9.5	6.1	13.2	1.9	0.0	0.0	4.6	CON	CON
531	44	Witham	Priti Patel	67,090	70.3	67.2	12.0	9.1	8.7	2.8	0.0	0.0	0.2	CON	CON
532	43	Somerton and Frome	David Warburton	83,527	72.2	60.5	5.3	21.7	6.1	5.7	0.0	0.0	0.6	CON	CON
533	42	Stratford-on-Avon	Nadhim Zahawi	70,914	72.6	65.4	10.1	14.4	7.4	2.7	0.0	0.0	0.0	CON	CON
534	41	Herefordshire North	Bill Wiggin	66,683	72.0	64.1	8.8	14.6	7.9	4.5	0.0	0.0	0.0	CON	CON
535	40	Witney	David Cameron	79,767	73.3	68.2	12.4	9.2	5.2	3.2	0.0	0.0	1.7	CON	CON
536	39	Reigate	Crispin Blunt	73,429	69.9	65.7	9.5	13.2	7.3	4.2	0.0	0.0	0.0	CON	CON
537	38	Saffron Walden	Sir Alan Haselhurst	80,615	71.4	65.2	8.9	13.0	7.5	2.4	0.0	0.0	2.9	CON	CON
538	37	Northamptonshire South	Andrea Leadsom	85,092	71.5	68.9	12.6	8.6	7.3	2.4	0.0	0.0	0.0	CON	CON
539	36	Penrith and The Border	Rory Stewart	65,209	67.4	67.6	11.1	11.0	6.8	3.4	0.0	0.0	0.0	CON	CON
540	35	Cotswolds, The	Geoffrey Clifton-Brown	78,292	72.4	63.4	6.7	20.7	6.2	3.0	0.0	0.0	0.0	CON	CON
541	34	Tunbridge Wells	Greg Clark	73,429	70.0	67.3	10.5	11.1	7.0	3.2	0.0	0.0	0.9	CON	CON
542	33	Bedfordshire North East	Alistair Burt	83,551	70.2	68.6	11.9	8.7	8.0	2.8	0.0	0.0	0.0	CON	CON
543	32	New Forest East	Julian Lewis	72,720	68.0	66.0	9.0	12.3	9.7	2.9	0.0	0.0	0.1	CON	CON
544	31	Horsham	Jeremy Quin	78,181	72.8	65.4	8.5	14.2	7.7	2.4	0.0	0.0	1.8	CON	CON
545	30	Hampshire North West	Kit Malthouse	79,223	69.7	67.0	9.9	12.1	8.1	2.9	0.0	0.0	0.0	CON	CON
546	29	Runnymede and Weybridge	Philip Hammond	73,744	67.9	68.7	11.5	9.5	7.7	2.6	0.0	0.0	0.0	CON	CON
547	28	Sevenoaks	Michael Fallon	70,741	70.9	66.8	9.5	10.9	9.9	2.8	0.0	0.0	0.1	CON	CON
548	27	Wiltshire North	James Gray	67,858	74.5	64.4	7.1	17.8	6.5	3.0	0.0	0.0	1.3	CON	CON
549	26	Henley	John Howell	78,243	70.6	66.6	9.1	13.7	6.2	4.4	0.0	0.0	0.0	CON	CON
550	25	Devizes	Claire Perry	69,211	70.8	67.1	9.4	11.0	8.7	3.7	0.0	0.0	0.0	CON	CON
551	24	Surrey East	Sam Gyimah	79,654	70.4	66.6	8.8	12.1	9.4	2.4	0.0	0.0	0.7	CON	CON
552	23	Chichester	Andrew Tyrie	83,575	68.4	67.0	9.0	11.4	8.3	4.1	0.0	0.0	0.2	CON	CON
553	22	Chesham and Amersham	Cheryl Gillan	73,423	71.8	67.7	9.6	11.7	7.5	3.6	0.0	0.0	0.0	CON	CON
554	21	Tonbridge and Malling	Tom Tugendhat	74,877	71.7	68.6	10.5	9.7	8.4	2.7	0.0	0.0	0.0	CON	CON
555	20	Brentwood and Ongar	Eric Pickles	72,461	71.6	67.7	9.4	11.6	9.1	1.7	0.0	0.0	0.4	CON	CON
556	19	Wealden	Nus Ghani	80,252	71.0	66.7	8.0	12.1	9.2	3.9	0.0	0.0	0.0	CON	CON
557	18	Dorset North	Simon Hoare	74,576	71.6	65.7	6.5	14.5	9.7	3.6	0.0	0.0	0.0	CON	CON
558	17	Surrey South West	Jeremy Hunt	77,050	74.1	66.7	7.0	8.4	5.5	3.4	0.0	8.5	0.6	CON	CON
559	16	Maldon	John Whittingdale	69,455	69.2	68.7	8.9	7.0	8.0	2.0	0.0	5.0	0.3	CON	CON
560	15	Surrey Heath	Michael Gove	79,515	68.5	68.2	8.3	11.6	7.9	2.7	0.0	0.0	1.2	CON	CON
561	14	South Holland and The Deepings	John Hayes	77,015	63.9	69.6	9.6	6.1	12.6	2.1	0.0	0.0	0.1	CON	CON
562	13	Esher and Walton	Dominic Raab	79,894	71.3	69.9	9.4	11.6	5.4	2.6	0.0	0.0	1.1	CON	CON
563	12	Windsor	Adam Afriyie	68,797	72.9	70.5	9.9	10.8	5.5	2.3	0.0	0.0	1.0	CON	CON
564	11	Christchurch	Christopher Chope	69,302	71.7	67.9	6.9	9.6	12.8	2.8	0.0	0.0	0.1	CON	CON
565	10	Hampshire East	Damian Hinds	72,600	71.1	68.5	7.5	13.5	6.6	3.8	0.0	0.0	0.0	CON	CON
566	9	Meon Valley	George Hollingbery	72,738	71.1	69.3	8.1	12.2	8.2	2.2	0.0	0.0	0.0	CON	CON
567	8	Newbury	Richard Benyon	79,058	72.5	67.5	6.3	17.0	6.0	2.5	0.0	0.0	0.7	CON	CON
568	7	New Forest West	Desmond Swayne	68,465	69.2	69.4	8.0	9.8	9.1	3.6	0.0	0.0	0.0	CON	CON
569	6	Arundel and South Downs	Nick Herbert	77,272	73.1	69.8	8.3	10.0	8.0	4.0	0.0	0.0	0.0	CON	CON
570	5	Mole Valley	Sir Paul Beresford	74,317	74.2	67.6	6.1	16.6	6.2	3.4	0.0	0.0	0.0	CON	CON
571	4	Beaconsfield	Dominic Grieve	76,380	69.6	71.3	8.6	9.9	7.5	2.7	0.0	0.0	0.0	CON	CON
572	3	Maidenhead	Theresa May	74,963	71.8	72.1	8.8	11.8	4.7	2.2	0.0	0.0	0.4	CON	CON
573	2	Hampshire North East	Ranil Jayawardena	74,025	72.9	72.1	7.3	12.4	4.8	2.7	0.0	0.0	0.7	CON	CON
574	1	Buckingham	John Bercow	77,572	69.2	75.1	0.0	3.3	12.6	8.9	0.0	0.0	0.1	CON	CON