1	567	Chorley	Lindsay Hoyle	76404	72.8	0	98.2	0	0	1.6	0	0	0	0.3	LAB	LAB
2	566	Birmingham Hodge Hill	Liam Byrne	75698	61.3	15.6	69.1	5.4	5.6	3.2	0	0	0	1	LAB	LAB
3	565	Manchester Gorton	Mohammed Khan	75362	61	12.2	64.3	9.3	6.5	7.7	0	0	0	0	LAB	LAB
4	564	Birmingham Hall Green	Roger Godsiff	78271	69.4	15.1	67	9.4	3.7	3.8	0	0	0	1	LAB	LAB
5	563	Birmingham Ladywood	Shabana Mahmood	70023	59	14.7	66.7	10	3.9	4.6	0	0	0	0	LAB	LAB
6	562	East Ham	Stephen Timms	83827	67.6	15.4	67.3	6.9	5.2	3.8	0	0	0	1.3	LAB	LAB
7	561	Bethnal Green and Bow	Rushanara Ali	86071	69.5	14	61.8	10.9	4.5	6.8	0	0	0	2	LAB	LAB
8	560	Liverpool Riverside	Louise Ellman	76332	62.9	13.8	60.9	11.8	4.7	8.8	0	0	0	0	LAB	LAB
9	559	Tottenham	David Lammy	72883	67.7	14.7	60.6	13	4.4	6	0	0	0	1.4	LAB	LAB
10	558	Bradford West	Naz Shah	67568	67.4	17.1	62.8	3.6	8.8	5.4	0	0	0	2.4	LAB	LAB
11	557	Walthamstow	Stella Creasy	68144	70.6	16	61.6	11.6	4.3	5.1	0	0	0	1.3	LAB	LAB
12	556	Hackney South and Shoreditch	Meg Hillier	82004	67.5	13	58.3	16.6	3.2	7.2	0	0	0	1.6	LAB	LAB
13	555	Bristol West	Thangam Debbonaire	92986	77	16.1	61.4	0	3.1	19.4	0	0	0	0	LAB	LAB
14	554	Dulwich and West Norwood	Helen Hayes	77947	72	22.9	66.8	0	4.3	5	0	0	0	1	LAB	LAB
15	553	Manchester Withington	Jeff Smith	74553	71.9	13.1	54.7	22	4	6.2	0	0	0	0	LAB	LAB
16	552	Leicester South	Jon Ashworth	75534	66.9	19.7	61	7.4	6	5.8	0	0	0	0	LAB	LAB
17	551	West Ham	Lyn Brown	92243	65.8	18.9	59.5	9.4	6	4.7	0	0	0	1.5	LAB	LAB
18	550	Manchester Central	Lucy Powell	90261	55.1	17.4	57.1	9.9	7.2	7.1	0	0	0	1.3	LAB	LAB
19	549	Camberwell and Peckham	Harriet Harman	85586	67.1	15.3	54.9	17.4	4	6.7	0	0	0	1.7	LAB	LAB
20	548	Liverpool West Derby	Stephen Twigg	65164	69.3	17.5	57	9.2	9.4	4.5	0	0	0	2.4	LAB	LAB
21	547	Liverpool Wavertree	Luciana Berger	62411	69.9	16.9	56.3	13.6	6.5	5.2	0	0	0	1.5	LAB	LAB
22	546	Knowsley	George Howarth	81751	67.9	17.8	57	9.2	9.8	4.4	0	0	0	1.7	LAB	LAB
23	545	Lewisham Deptford	Vicky Foxcroft	78472	70.2	14.8	53.9	18.6	3.2	7.8	0	0	0	1.8	LAB	LAB
24	544	Ilford South	Mike Gapes	85358	67.5	21	60.1	8.4	5.2	4	0	0	0	1.3	LAB	LAB
25	543	Islington North	Jeremy Corbyn	74831	73.4	13.8	52.5	20.9	3.4	7.7	0	0	0	1.6	LAB	LAB
26	542	Poplar and Limehouse	Jim Fitzpatrick	87274	67.4	19.3	57.5	11.4	4.9	5.3	0	0	0	1.6	LAB	LAB
27	541	Bootle	Peter Dowd	72872	69	19.3	56.9	10.2	9	4.6	0	0	0	0	LAB	LAB
28	540	Sheffield Central	Paul Blomfield	77560	61.7	14.7	51.7	12.1	5.4	14.8	0	0	0	1.3	LAB	LAB
29	539	Hackney North and Stoke Newington	Diane Abbott	83955	67.1	14.4	50.8	20.9	2.8	9.6	0	0	0	1.6	LAB	LAB
30	538	Bradford East	Imran Hussain	70389	64.8	21.1	57.3	6.7	10.3	4.6	0	0	0	0	LAB	LAB
31	537	Nottingham East	Chris Leslie	61762	63.7	20.8	55.2	8.7	7.3	6.6	0	0	0	1.4	LAB	LAB
32	536	Blackburn	Kate Hollern	70657	67.2	24.6	58	4.3	8.5	3.3	0	0	0	1.3	LAB	LAB
33	535	Leyton and Wanstead	John Cryer	65285	70.7	20.3	53.6	14.7	4.4	5.6	0	0	0	1.4	LAB	LAB
34	534	Holborn and St Pancras	Keir Starmer	88088	67	17.5	50.8	18.6	3.6	7.9	0	0	0	1.5	LAB	LAB
35	533	Cardiff Central	Jo Stevens	59288	68.1	19.7	51.9	20.8	6.3	0	0	0	0	1.2	LAB	LAB
36	532	Edmonton	Kate Osamor	65705	66.5	23.4	55.2	9.2	6.4	4.3	0	0	0	1.4	LAB	LAB
37	531	Ealing Southall	Virendra Sharma	65188	69.3	21.7	53.1	12.5	5.8	5.3	0	0	0	1.7	LAB	LAB
38	530	Garston and Halewood	Maria Eagle	75248	71.1	21.8	53.1	11	8.1	4.5	0	0	0	1.6	LAB	LAB
39	529	Croydon North	Steve Reed	87461	68.2	21.8	52.8	13.1	5.8	4.8	0	0	0	1.7	LAB	LAB
40	528	Birkenhead	Frank Field	64484	67.7	22.1	52.8	9.6	8.8	5.1	0	0	0	1.6	LAB	LAB
41	527	Leicester East	Keith Vaz	77788	67.4	23.3	53.8	6.6	8.8	5.5	0	0	0	2	LAB	LAB
42	526	Liverpool Walton	Dan Carden	62738	67.3	28.3	58.3	9.2	0	3	0	0	0	1.2	LAB	LAB
43	525	Streatham	Chuka Umunna	78532	71	19.4	48.6	22.1	3.7	6.2	0	0	0	0	LAB	LAB
44	524	Hornsey and Wood Green	Catherine West	79944	77.9	14.3	43.4	33	2.8	4.9	0	0	0	1.6	LAB	LAB
45	523	Leeds Central	Hilary Benn	89537	53.2	22.4	50.7	8.4	10	7	0	0	0	1.5	LAB	LAB
46	522	Edinburgh South	Ian Murray	64553	74.1	19.5	47.3	7.4	0	0.2	25.5	0	0	0	LAB	LAB
47	521	Brent Central	Dawn Butler	80845	64.7	27.2	53.9	15.2	0	3.7	0	0	0	0	LAB	LAB
48	520	Blackley and Broughton	Graham Stringer	71648	56	25.2	51.5	8.3	10	5.1	0	0	0	0	LAB	LAB
49	519	Birmingham Perry Barr	Khalid Mahmood	70106	63	25.5	51.6	10.4	6.6	4.1	0	0	0	1.7	LAB	LAB
50	518	Islington South and Finsbury	Emily Thornberry	69534	69.1	19.1	44.9	23.8	4.4	6.2	0	0	0	1.5	LAB	LAB
51	517	Newcastle upon Tyne Central	Chi Onwurah	55571	66.8	24.8	50.3	9.8	9.5	5.6	0	0	0	0	LAB	LAB
52	516	Oxford East	Anneliese Dodds	78360	68.8	19.9	45.3	21.6	4.5	7.1	0	0	0	1.5	LAB	LAB
53	515	Preston	Mark Hendrick	57791	61.6	25.4	50.6	8.4	10.7	5	0	0	0	0	LAB	LAB
54	514	Sheffield Brightside and Hillsborough	Gill Furniss	70344	59.5	24.8	50	7.2	12.7	5.4	0	0	0	0	LAB	LAB
55	513	Rhondda	Chris Bryant	50513	65.2	16.6	41.5	6.2	11.7	3.6	20.5	0	0	0	LAB	LAB
56	512	Luton South	Gavin Shuker	67188	68.7	31.6	55.9	0	7.9	3.4	0	0	0	1.2	LAB	LAB
57	511	Vauxhall	Kate Hoey	81907	67.2	17.8	41.7	29.7	3.4	5.7	0	0	0	1.7	LAB	LAB
58	510	Lewisham West and Penge	Ellie Reeves	72902	73	22.2	46	19.2	5.1	5.6	0	0	0	1.9	LAB	LAB
59	509	Mitcham and Morden	Siobhain McDonagh	68705	70	25.2	48.8	13	6.9	4.4	0	0	0	1.7	LAB	LAB
60	508	Wallasey	Angela Eagle	67454	71.7	26.1	49.7	9.6	10.1	4.5	0	0	0	0	LAB	LAB
61	507	Barking	Margaret Hodge	77020	61.9	26.2	49.6	9.7	9.9	4.7	0	0	0	0	LAB	LAB
62	506	Lewisham East	Heidi Alexander	68126	69.3	23.3	46.6	17.1	5.7	5.1	0	0	0	2.1	LAB	LAB
63	505	Hammersmith	Andy Slaughter	72803	71.8	24.8	48	17.5	4.6	5.1	0	0	0	0	LAB	LAB
64	504	Greenwich and Woolwich	Matthew Pennycook	77190	68.8	23.2	46.3	17.7	4.9	6.3	0	0	0	1.6	LAB	LAB
65	503	Exeter	Ben Bradshaw	77329	71.7	32.3	55.3	0	7.1	4.1	0	0	0	1.2	LAB	LAB
65	502	Bermondsey and Old Southwark	Neil Coyle	87227	67.1	15.4	38.3	42	4.3	0	0	0	0	0	LAB	LIB
66	502	Oldham West and Royton	Jim McMahon	72418	63.2	27.6	50	5.4	11.1	4.4	0	0	0	1.5	LAB	LAB
66	501	Glasgow North East	Paul Sweeney	59932	53	13.1	35.4	6.4	0	0	45.1	0	0	0	LAB	NAT
67	501	Stretford and Urmston	Kate Green	71840	69.9	27.3	49.5	9.4	9	4.8	0	0	0	0	LAB	LAB
68	500	Halton	Derek Twigg	73457	67.4	26.3	48.6	9.2	11.6	4.2	0	0	0	0	LAB	LAB
69	499	Nottingham South	Lilian Greenwood	71178	67.6	27.3	48.8	10.2	8	5.6	0	0	0	0	LAB	LAB
70	498	Merthyr Tydfil and Rhymney	Gerald Jones	55463	60.5	22.5	43.8	8.5	13.2	0	10.4	0	0	1.5	LAB	LAB
71	497	York Central	Rachael Maskell	77315	68.7	26.5	47.3	12.8	6.9	5.1	0	0	0	1.4	LAB	LAB
72	496	Aberavon	Stephen Kinnock	49891	66.7	22.4	43.2	6.8	12.9	3.9	9.4	0	0	1.5	LAB	LAB
73	495	Rochdale	Tony Lloyd	78064	64.1	27.8	47.7	9.6	10.6	4.2	0	0	0	0	LAB	LAB
74	494	Warley	John Spellar	63724	63.1	27.9	47.7	10.9	9.1	4.4	0	0	0	0	LAB	LAB
75	493	Westminster North	Karen Buck	63846	67.8	27.8	47.1	14.8	4.2	4.7	0	0	0	1.4	LAB	LAB
76	492	Hayes and Harlington	John McDonnell	73268	65.2	28.8	48	9.1	8.2	4.2	0	0	0	1.6	LAB	LAB
77	491	Leeds North East	Fabian Hamilton	70112	75.6	28.2	47.2	12	6.3	4.8	0	0	0	1.5	LAB	LAB
78	490	Slough	Tan Dhesi	83272	65.2	29.8	48.8	10.1	7.7	3.6	0	0	0	0	LAB	LAB
79	489	Tooting	Rosena Allin-Khan	77960	74.6	26.5	45.3	18	3.8	4.9	0	0	0	1.5	LAB	LAB
80	488	St Helens South and Whiston	Marie Rimmer	79036	66.9	26.7	45.4	11.2	11.3	5.5	0	0	0	0	LAB	LAB
80	487	Coatbridge, Chryston and Bellshill	Hugh Gaffney	71198	63.3	16.3	35	6.5	0	0.2	42.1	0	0	0	LAB	NAT
80	487	Cambridge	Daniel Zeichner	78003	71.7	15.4	34.1	39.6	3.6	5.9	0	0	0	1.4	LAB	LIB
81	487	Salford and Eccles	Rebecca Long-Bailey	78082	61	27.4	45.7	10.6	10.9	5.5	0	0	0	0	LAB	LAB
82	486	Leeds West	Rachel Reeves	67955	62.1	26.6	44.9	8.8	11.3	6.7	0	0	0	1.8	LAB	LAB
83	485	Middlesbrough	Andy McDonald	61114	58.3	27.9	46.2	6.3	12.7	4.9	0	0	0	1.9	LAB	LAB
84	484	Birmingham Yardley	Jess Phillips	72581	61.3	24.4	42.5	19.6	9.2	4.3	0	0	0	0	LAB	LAB
85	483	Brent North	Barry Gardiner	82556	68.4	28.7	46.7	12.9	5.7	4.4	0	0	0	1.6	LAB	LAB
85	482	Glasgow South West	Chris Stephens	62991	56.2	15	32.9	6.9	1.2	0	43.9	0	0	0	NAT	NAT
86	482	Cynon Valley	Ann Clwyd	51332	62	22.9	40.8	7.4	12.7	0	14.9	0	0	1.4	LAB	LAB
87	481	Hull North	Diana Johnson	64666	57.5	26.6	44.3	11.2	11.9	6	0	0	0	0	LAB	LAB
88	480	Blaenau Gwent	Nick Smith	51227	63.2	20.8	38.5	6.2	14.1	4.1	16.3	0	0	0	LAB	LAB
89	479	Stockport	Ann Coffey	63425	65.5	27.9	45.5	11.7	9.7	5.1	0	0	0	0	LAB	LAB
90	478	Luton North	Kelvin Hopkins	66811	69.8	30.9	47.7	8.7	7.4	3.8	0	0	0	1.4	LAB	LAB
90	477	Glasgow Central	Alison Thewliss	64346	55.9	14.1	30.8	7.3	0	0.2	47.7	0	0	0	NAT	NAT
91	477	Huddersfield	Barry Sheerman	67033	65.4	29.5	46.2	8.7	9.1	6.5	0	0	0	0	LAB	LAB
92	476	Ealing Central and Acton	Rupa Huq	74200	74.6	28.4	44.7	18.4	4.5	4	0	0	0	0	LAB	LAB
93	475	Pontypridd	Owen Smith	60566	65.9	27.9	44.2	0	10.5	0	16.4	0	0	1	LAB	LAB
94	474	Easington	Grahame Morris	62385	58.3	28.1	44.3	10.5	14.6	0	0	0	0	2.6	LAB	LAB
95	473	Leicester West	Liz Kendall	64834	57.9	28.8	44.9	8.9	11.5	5.9	0	0	0	0	LAB	LAB
96	472	Bolton South East	Yasmin Qureshi	68886	61.4	30	45.8	6.4	12.8	4.9	0	0	0	0	LAB	LAB
97	471	Newcastle upon Tyne East	Nicholas Brown	62333	66.8	32.7	48.3	13.9	0	5.2	0	0	0	0	LAB	LAB
98	470	Derby South	Margaret Beckett	69918	64.8	31.4	47	9.6	12	0	0	0	0	0	LAB	LAB
99	469	Hove	Peter Kyle	74236	77.6	27.8	43.2	16.7	5.4	5.1	0	0	0	1.7	LAB	LAB
100	468	Swansea West	Geraint Davies	56892	65.5	28.3	43.6	11.5	8.9	0	7.6	0	0	0	LAB	LAB
101	467	Norwich South	Clive Lewis	74182	69.2	25.7	40.7	19.3	5.6	8.6	0	0	0	0	LAB	LAB
102	466	Feltham and Heston	Seema Malhotra	81707	64.9	30.5	45.3	11.4	8.2	4.6	0	0	0	0	LAB	LAB
102	465	Arfon	Hywel Williams	41367	68.2	18.7	33.5	0	7.5	0	40.2	0	0	0	NAT	NAT
102	465	Brighton Pavilion	Caroline Lucas	75486	76.4	17.2	32	0	3	47.1	0	0	0	0.6	Green	Green
103	465	Leeds East	Richard Burgon	65950	62.8	30.3	45.1	7.5	12.4	4.7	0	0	0	0	LAB	LAB
104	464	Hampstead and Kilburn	Tulip Siddiq	82957	70.4	26.7	41.5	23	3.9	4.8	0	0	0	0	LAB	LAB
105	463	Birmingham Selly Oak	Steve McCabe	74370	65.9	29.1	43.7	16	6.3	4.9	0	0	0	0	LAB	LAB
106	462	Cardiff South and Penarth	Stephen Doughty	76499	66.3	28.5	43.1	8.9	9.7	4.2	5.7	0	0	0	LAB	LAB
107	461	Ogmore	Chris Elmore	56661	65.7	26.3	40.9	7.6	12.2	3.8	9.2	0	0	0	LAB	LAB
108	460	Jarrow	Stephen Hepburn	64828	66.4	28.6	43.2	8.9	12.6	5	0	0	0	1.8	LAB	LAB
109	459	Caerphilly	Wayne David	64381	64.1	27.6	41.9	0	12.5	0	18	0	0	0	LAB	LAB
110	458	Wythenshawe and Sale East	Mike Kane	76361	60	29.1	43.4	10.1	10.6	5	0	0	0	1.7	LAB	LAB
111	457	Tyneside North	Mary Glindon	78914	65.8	29.4	43.7	10.1	12	4.8	0	0	0	0	LAB	LAB
112	456	Coventry North East	Colleen Fletcher	75792	61.4	30.2	44.3	11.9	9.3	4.3	0	0	0	0	LAB	LAB
113	455	Harrow West	Gareth Thomas	69798	72.1	30.6	44.6	14.4	6	4.5	0	0	0	0	LAB	LAB
114	454	Sheffield Heeley	Louise Haigh	68040	65	29	42.4	11.2	11.6	5.7	0	0	0	0	LAB	LAB
115	453	Cardiff West	Kevin Brennan	67221	69.4	27.7	41.1	9	9	3.7	9.5	0	0	0	LAB	LAB
116	452	Swansea East	Carolyn Harris	58521	60.1	27.4	40.7	7.7	12.8	4.2	7.3	0	0	0	LAB	LAB
117	451	South Shields	Emma Lewell-Buck	63449	64.3	29	42.2	7.6	13.4	6	0	0	0	1.8	LAB	LAB
117	450	Dunbartonshire West	Martin Docherty	67602	65.2	16.9	29.8	6.3	0	0.2	45.9	0	0	1	NAT	NAT
118	450	Llanelli	Nia Griffith	59434	67.9	26.8	39.7	0	12.8	0	20.6	0	0	0	LAB	LAB
119	449	Nottingham North	Alex Norris	66894	57.3	30.2	43	8	13.6	5.3	0	0	0	0	LAB	LAB
119	448	Glasgow North	Patrick Grady	53863	62.1	14.1	26.8	7.8	1.1	9.9	40.4	0	0	0	NAT	NAT
120	448	Rotherham	Sarah Champion	63237	60	29.8	42.5	9.2	16.2	0	0	0	0	2.3	LAB	LAB
121	447	Ealing North	Steve Pound	74764	70.2	35.9	48.5	12.5	0	3.1	0	0	0	0	LAB	LAB
122	446	Barnsley Central	Dan Jarvis	64204	60.9	28.8	41.3	7.3	15.3	5.2	0	0	0	2	LAB	LAB
123	445	St Helens North	Conor McGinn	76088	66	30.1	42.5	10.1	12.1	5.3	0	0	0	0	LAB	LAB
123	444	Glasgow East	David Linden	66242	54.6	19.1	31.3	7.2	0	0	42.3	0	0	0	NAT	NAT
123	444	Leeds North West	Alex Sobel	68152	67.9	20.5	32.7	35.2	6.2	5.4	0	0	0	0	LAB	LIB
124	444	Denton and Reddish	Andrew Gwynne	65751	60.2	30.1	42	8.5	12.7	4.9	0	0	0	1.8	LAB	LAB
125	443	Bristol South	Karin Smyth	83009	65.5	28.6	40.4	16.5	8.5	6	0	0	0	0	LAB	LAB
126	442	Sheffield South East	Clive Betts	68945	63.2	31.9	43.5	9.4	13.4	0	0	0	0	1.9	LAB	LAB
127	441	Durham, City of	Roberta Blackman-Woods	71132	67.9	28.5	40	17.2	8.8	5.5	0	0	0	0	LAB	LAB
128	440	Neath	Christina Rees	55859	68.5	25.4	36.8	7	12	3.7	13.7	0	0	1.4	LAB	LAB
129	439	Sefton Central	Bill Esterson	69019	75.5	31.8	42.9	12	7.8	4	0	0	0	1.5	LAB	LAB
130	438	Bristol East	Kerry McCarthy	72414	70.2	31	41.8	14.7	7.4	5	0	0	0	0	LAB	LAB
131	437	Doncaster North	Ed Miliband	72372	58.5	30.9	41.5	9.2	16.1	0	0	0	0	2.3	LAB	LAB
131	436	Glasgow South	Stewart McDonald	69126	64.4	18.2	28.9	7.7	1.1	0.2	43.9	0	0	0	NAT	NAT
132	436	Southampton Test	Alan Whitehead	70194	66.8	30.3	40.9	14.8	7.4	4.4	0	0	0	2.2	LAB	LAB
132	435	Rutherglen and Hamilton West	Ged Killen	80098	63.5	19.7	30.3	9.6	0	0	40.5	0	0	0	LAB	NAT
132	435	Glasgow North West	Carol Monaghan	63773	60.9	18	28.4	8.1	0	0	45.6	0	0	0	NAT	NAT
133	435	Islwyn	Chris Evans	56256	64.2	28	38.3	7.4	13.1	3.9	9.4	0	0	0	LAB	LAB
134	434	Enfield North	Joan Ryan	68454	70.9	33	43.3	12.3	7.2	4.2	0	0	0	0	LAB	LAB
135	433	Wentworth and Dearne	John Healey	74890	58.7	32.5	42.7	10	13	0	0	0	0	1.8	LAB	LAB
135	432	Motherwell and Wishaw	Marion Fellows	68215	61.5	20.2	30.3	7.4	0	0	42.1	0	0	0	NAT	NAT
136	432	Washington and Sunderland West	Sharon Hodgson	67280	60.3	31.1	41.2	9.2	13.4	5.1	0	0	0	0	LAB	LAB
136	431	Dundee West	Chris Law	62644	61.7	15.2	25.2	7.1	1	0	49.5	0	0	2	NAT	NAT
136	431	Na h-Eileanan An Iar (Western Isles)	Angus MacNeil	21301	69.6	16.5	26.3	6.1	0	0	43.6	0	7.5	0	NAT	NAT
137	431	Wigan	Lisa Nandy	75359	63.1	31.5	41.2	9	13.3	5	0	0	0	0	LAB	LAB
138	430	Brentford and Isleworth	Ruth Cadbury	85151	72.4	32	41.7	16	6.2	4	0	0	0	0	LAB	LAB
139	429	Durham North	Kevan Jones	66970	64.6	31.1	40.3	10.2	12.3	4.3	0	0	0	1.8	LAB	LAB
140	428	Ashton under Lyne	Angela Rayner	67674	58.8	32.5	41.5	7.9	13.1	4.9	0	0	0	0	LAB	LAB
141	427	Batley and Spen	Tracy Brabin	80153	67.1	34.2	43	6.2	10.5	4.4	0	0	0	1.7	LAB	LAB
141	426	Inverclyde	Ronnie Cowan	58853	66.4	21.3	30	7.1	0	0	41.6	0	0	0	NAT	NAT
141	426	Edinburgh East	Tommy Sheppard	65896	66	18.5	27.1	8.7	0	0.2	45.6	0	0	0	NAT	NAT
141	426	Glenrothes	Peter Grant	66378	60.9	18.6	27.1	7.5	1.1	0	45.7	0	0	0	NAT	NAT
142	426	Walsall South	Valerie Vaz	67417	65.4	34.2	42.7	8.5	9.4	3.6	0	0	0	1.6	LAB	LAB
143	425	Blaydon	Liz Twist	68459	70.2	29.9	38.2	13.4	11.7	4.8	0	0	0	1.9	LAB	LAB
143	424	Cumbernauld, Kilsyth and Kirkintilloch East	Stuart McDonald	66554	65.9	18.3	26.4	8	0	0	47.2	0	0	0	NAT	NAT
144	424	Houghton and Sunderland South	Bridget Phillipson	68123	60.9	32	40.1	9.2	13.4	5.2	0	0	0	0	LAB	LAB
145	423	Normanton, Pontefract and Castleford	Yvette Cooper	81641	60.3	32.4	40.5	9	15.8	0	0	0	0	2.2	LAB	LAB
145	422	Paisley and Renfrewshire South	Mhairi Black	61344	68	19.9	27.6	8.7	0	0	43.8	0	0	0	NAT	NAT
146	422	Tynemouth	Alan Campbell	77434	73.4	33.5	41.1	11.2	9.6	4.5	0	0	0	0	LAB	LAB
147	421	Wansbeck	Ian Lavery	62099	68.4	32	39.3	10.7	11.2	5	0	0	0	1.7	LAB	LAB
148	420	Newcastle upon Tyne North	Catherine McKinnell	66312	72.8	32.3	39.6	12.6	10.9	4.7	0	0	0	0	LAB	LAB
149	419	Barnsley East	Stephanie Peacock	69204	58.9	31.4	38.6	8.1	17.4	4.5	0	0	0	0	LAB	LAB
150	418	Hull East	Karl Turner	65959	55.5	31.6	38.8	8.5	15.8	5.2	0	0	0	0	LAB	LAB
151	417	Hull West and Hessle	Emma Hardy	60181	57.4	31.1	38.3	10.6	14.7	5.4	0	0	0	0	LAB	LAB
152	416	Brighton Kemptown	Lloyd Russell-Moyle	67893	72.5	33	40	15.6	7	4.3	0	0	0	0	LAB	LAB
153	415	Sunderland Central	Julie Elliott	72728	62	32.4	39.4	9.5	11.7	5.2	0	0	0	1.8	LAB	LAB
154	414	Ellesmere Port and Neston	Justin Madders	68666	74.2	34.5	41.4	9.6	10.4	4	0	0	0	0	LAB	LAB
155	413	Oldham East and Saddleworth	Debbie Abrahams	72223	65.1	33.7	40.5	8.3	11.7	4.1	0	0	0	1.6	LAB	LAB
155	412	Kirkcaldy and Cowdenbeath	Lesley Laird	72721	63.5	22.4	29.2	7.5	1.2	0.2	39.5	0	0	0	LAB	NAT
156	412	Torfaen	Nick Thomas-Symonds	61839	62.1	30.5	37.1	7.8	13.4	4	7.3	0	0	0	LAB	LAB
156	411	Airdrie and Shotts	Neil Gray	64146	59.2	23	29.5	6.6	0	0.2	40.7	0	0	0	NAT	NAT
157	411	Chester, City of	Chris Matheson	72859	77.4	35.1	41.5	11.4	8.3	3.7	0	0	0	0	LAB	LAB
158	410	Erith and Thamesmead	Teresa Pearce	69724	63.8	33.1	39.4	11.7	9.3	4.6	0	0	0	1.9	LAB	LAB
158	409	Sheffield Hallam	Jared O Mara	73455	77.6	22	28.2	37.9	5.8	4.6	0	0	0	1.5	LAB	LIB
159	409	Makerfield	Yvonne Fovargue	74259	63.2	33.3	39.5	9.7	13.1	4.4	0	0	0	0	LAB	LAB
160	408	Lancashire West	Rosie Cooper	73258	74.2	34.9	41	9.9	9.8	4.4	0	0	0	0	LAB	LAB
161	407	Wirral South	Alison McGovern	57670	78.4	35.1	41.1	11.7	8.2	3.9	0	0	0	0	LAB	LAB
162	406	Coventry South	James Cunningham	70754	66.4	33.1	38.9	14	7.6	4.7	0	0	0	1.7	LAB	LAB
163	405	Birmingham Edgbaston	Preet Gill	68091	64	33.6	39.4	15.7	6.8	4.6	0	0	0	0	LAB	LAB
164	404	Doncaster Central	Rosie Winterton	71716	60	33.2	39	7.5	13.6	4.4	0	0	0	2.3	LAB	LAB
165	403	Newport East	Jessica Morden	57233	64.3	32.4	37.8	8.5	12.7	3.9	4.7	0	0	0	LAB	LAB
166	402	Bradford South	Judith Cummins	67752	60.6	35	40.3	6.7	13.4	4.7	0	0	0	0	LAB	LAB
167	401	Stalybridge and Hyde	Jonathan Reynolds	71409	59.5	34.3	39.5	8.6	10.7	5.3	0	0	0	1.6	LAB	LAB
168	400	Stockton North	Alex Cunningham	66279	64.5	35.2	40.4	9.1	13.5	0	0	0	0	1.8	LAB	LAB
169	399	Lancaster and Fleetwood	Cat Smith	67171	68.5	34.8	39.9	10.7	9.3	5.4	0	0	0	0	LAB	LAB
170	398	Ilford North	Wes Streeting	72997	72.5	35.6	40.4	12.4	6.3	3.6	0	0	0	1.7	LAB	LAB
171	397	Birmingham Erdington	Jack Dromey	65067	57.2	35	39.8	11.9	9	4.3	0	0	0	0	LAB	LAB
172	396	Ynys Mon	Albert Owen	52448	71.2	28.6	33.4	0	11.1	0	26.9	0	0	0	LAB	LAB
173	395	Battersea	Marsha De Cordova	77572	71	31.5	35.9	23.1	4.4	5.1	0	0	0	0	LAB	LAB
174	394	Chesterfield	Toby Perkins	72063	66.5	32.8	37.1	11.6	11.8	4.9	0	0	0	1.8	LAB	LAB
175	393	Halifax	Holly Lynch	71224	67.8	36.5	40.8	7.4	11.4	3.9	0	0	0	0	LAB	LAB
176	392	Stroud	David Drew	82849	77	41.6	45.6	0	8.1	3.6	0	0	0	1.2	LAB	LAB
177	391	Hemsworth	Jon Trickett	71870	63.9	33.9	37.6	7.3	14.6	4.4	0	0	0	2.2	LAB	LAB
178	390	Dewsbury	Paula Sherriff	81338	69.5	37.1	40.8	6.7	9.5	4.6	0	0	0	1.4	LAB	LAB
178	389	Midlothian	Danielle Rowley	68328	66.3	25.3	28.8	8.4	0	0	37.5	0	0	0	LAB	NAT
179	389	Worsley and Eccles South	Barbara Keeley	73692	61.9	35.7	39.1	9.4	10.9	4.8	0	0	0	0	LAB	LAB
180	388	Leigh	Joanne Platt	76211	61.5	35.6	38.9	10.1	13.4	0	0	0	0	1.9	LAB	LAB
181	387	Blyth Valley	Ronnie Campbell	63371	67	34.9	38.3	10.9	10.9	4.9	0	0	0	0	LAB	LAB
182	386	Warrington North	Helen Jones	72015	67.4	35.2	38.5	9.7	11.9	4.7	0	0	0	0	LAB	LAB
183	385	Plymouth Sutton and Devonport	Luke Pollard	76584	66.9	34	37.2	15.4	8.2	5.1	0	0	0	0	LAB	LAB
184	384	Eltham	Clive Efford	64474	71.6	35.5	38.4	14.6	7.6	3.9	0	0	0	0	LAB	LAB
185	383	Redcar	Anna Turley	66836	63.7	33.1	36	11.3	13.4	4.4	0	0	0	1.9	LAB	LAB
186	382	Enfield Southgate	Bambos Charalambous	65137	74.2	35.3	38.1	16.8	5.3	4.5	0	0	0	0	LAB	LAB
187	381	Durham North West	Laura Pidcock	71982	66.5	33.6	36.2	11.9	11.8	4.7	0	0	0	1.8	LAB	LAB
188	380	Reading East	Matt Rodda	75522	73.1	33.2	35.8	18.7	5.5	5.2	0	0	0	1.7	LAB	LAB
189	379	Hartlepool	Mike Hill	70718	59.2	35	37.5	9.3	16.3	0	0	0	0	2	LAB	LAB
190	378	Burnley	Julie Cooper	64714	62.3	31.8	34.3	13.3	13.5	5.1	0	0	0	2	LAB	LAB
191	377	Wirral West	Margaret Greenwood	55995	78.5	36.9	39.4	11.8	8.1	3.8	0	0	0	0	LAB	LAB
192	376	Coventry North West	Geoffrey Robinson	75214	66.3	34.6	37	14.3	9.5	4.6	0	0	0	0	LAB	LAB
193	375	West Bromwich East	Tom Watson	63833	61.3	36.1	38.1	10.1	9.8	4.1	0	0	0	1.8	LAB	LAB
194	374	Gateshead	Ian Mearns	65186	64.6	42	43.9	11	0	3.1	0	0	0	0	LAB	LAB
194	373	Dunfermline and West Fife	Douglas Chapman	75672	67.4	24.5	26.3	10.4	0	0.2	38.6	0	0	0	NAT	NAT
195	373	Bolton North East	David Crausby	67233	67.2	37.2	39	8	11.4	4.4	0	0	0	0	LAB	LAB
196	372	Newport West	Paul Flynn	64399	67.5	34.9	36.6	8.6	10.9	4.1	4.9	0	0	0	LAB	LAB
197	371	Hyndburn	Graham Jones	73110	61.8	37.1	38.7	7.1	13	4.2	0	0	0	0	LAB	LAB
198	370	Wolverhampton South East	Pat McFadden	69951	51.9	35.1	36.7	11.5	12.1	4.6	0	0	0	0	LAB	LAB
199	369	Cardiff North	Anna McMorrin	67221	77.4	35.1	36.6	10.6	7.6	3.4	5.7	0	0	1.1	LAB	LAB
200	368	Croydon Central	Sarah Jones	80045	71.3	36.5	37.9	13.9	7.5	4.3	0	0	0	0	LAB	LAB
201	367	Bury North	James Frith	67587	70.9	38.4	39.6	8.8	9.6	3.7	0	0	0	0	LAB	LAB
201	366	Livingston	Hannah Bardell	81208	64.7	24.2	25.1	7.4	0	0.2	43.1	0	0	0	NAT	NAT
202	366	Keighley	John Grogan	71429	72.4	38.8	39.5	9.8	10.3	0	0	0	0	1.7	LAB	LAB
203	365	Heywood and Middleton	Liz McInnes	79901	62.4	36.3	36.9	8.6	13.7	4.4	0	0	0	0	LAB	LAB
204	364	Sedgefield	Phil Wilson	63890	65.1	36	36.5	8.9	12.1	4.8	0	0	0	1.7	LAB	LAB
204	363	Aberdeen North	Kirsty Blackman	62130	59.2	22.2	22.6	9.7	1.3	0.2	44.1	0	0	0	NAT	NAT
205	363	Gedling	Vernon Coaker	71221	72.6	37.4	37.8	9.6	11	4.3	0	0	0	0	LAB	LAB
206	362	Clwyd South	Susan Elan Jones	54341	69	35.2	35.5	8.3	12.6	0	8.4	0	0	0	LAB	LAB
207	361	Bridgend	Madeleine Moon	62185	69.6	34.7	34.8	9.1	11.1	3.6	6.6	0	0	0	LAB	LAB
208	360	Alyn and Deeside	Mark Tami	63041	71	36.3	36.3	9	12.2	0	6.1	0	0	0	LAB	LAB
209	359	Kensington	Emma Dent Coad	60594	63.8	32.6	32.5	23.2	4.5	5.5	0	0	0	1.7	LAB	CON
210	358	Portsmouth South	Stephen Morgan	69785	63.9	31.5	31.3	28.1	7.4	0	0	0	0	1.7	LAB	CON
211	357	Delyn	David Hanson	54116	72.8	36.6	36.4	9.2	11	0	6.8	0	0	0	LAB	CON
212	356	Wolverhampton South West	Eleanor Smith	60003	70.6	38.2	37.9	15.8	8.1	0	0	0	0	0	LAB	CON
213	355	Weaver Vale	Mike Amesbury	69016	73.3	37.8	37.4	11	9.3	4.5	0	0	0	0	LAB	CON
214	354	Derby North	Chris Williamson	69919	69.6	36.8	36.1	10.7	10.5	4.2	0	0	0	1.6	LAB	CON
214	353	Carmarthen East and Dinefwr	Jonathan Edwards	55976	73.3	26.6	25.8	0	11	0	36.7	0	0	0	NAT	NAT
214	353	East Lothian	Martin Whitfield	79093	70.6	29.6	28.7	8	0	0	33.7	0	0	0	LAB	NAT
215	353	Gower	Tonia Antoniazzi	62163	73.3	36.7	35.7	10.2	10	0	7.3	0	0	0	LAB	CON
215	352	East Kilbride, Strathaven and Lesmahagow	Lisa Cameron	80442	67.3	25.3	24.1	8	0	0.2	42.3	0	0	0	NAT	NAT
215	352	Orkney and Shetland	Alistair Carmichael	34164	68.1	8.2	7	51.4	0.7	0	31	0	0	1.8	LIB	LIB
216	352	Stoke-on-Trent Central	Gareth Snell	58196	57	36.9	35.6	11.8	11.2	4.6	0	0	0	0	LAB	CON
217	351	Colne Valley	Thelma Walker	84381	71.6	37.8	36.4	10.4	9.2	4.7	0	0	0	1.6	LAB	CON
218	350	Wakefield	Mary Creagh	70340	65.8	39	37.5	9.5	12.1	0	0	0	0	2	LAB	CON
219	349	Darlington	Jenny Chapman	66341	67.6	37.6	35.9	9.2	11.1	4.5	0	0	0	1.7	LAB	CON
220	348	Warrington South	Faisal Rashid	85755	72.3	38.2	36.4	14.2	9.3	0	0	0	0	1.8	LAB	CON
221	347	High Peak	Ruth George	73254	73.5	38.2	36.3	12.1	9.5	3.9	0	0	0	0	LAB	CON
222	346	Vale of Clwyd	Chris Ruane	56890	68	37.7	35.6	8.6	10.9	0	7.2	0	0	0	LAB	CON
223	345	Scunthorpe	Nic Dakin	61578	65.3	38.5	36.4	7.3	13.6	4.2	0	0	0	0	LAB	CON
224	344	Birmingham Northfield	Richard Burden	72322	61.3	37.7	35.6	13	9.1	4.5	0	0	0	0	LAB	CON
225	343	Lincoln	Karen Lee	73111	66.6	37.6	35.4	9.2	11.4	4.7	0	0	0	1.8	LAB	CON
226	342	Bassetlaw	John Mann	78535	66.5	39.6	37.1	10	13.4	0	0	0	0	0	LAB	CON
227	341	Workington	Sue Hayman	60256	69.2	38	35.3	8.6	12.3	4	0	0	0	1.8	LAB	CON
228	340	Wolverhampton North East	Emma Reynolds	60799	60	37.9	35.1	11.4	11.3	4.4	0	0	0	0	LAB	CON
228	339	Edinburgh North and Leith	Deidre Brock	79473	71.2	26.1	23.3	8.6	1	3.2	36.8	0	0	1	NAT	NAT
229	339	Don Valley	Caroline Flint	73988	62.2	37.8	35	7.5	13.4	4.2	0	0	0	2.1	LAB	CON
229	338	Paisley and Renfrewshire North	Gavin Newlands	67436	69.1	27.4	24.3	7.7	0	0	40.6	0	0	0	NAT	NAT
230	338	Great Grimsby	Melanie Onn	61743	57.5	37.1	34	7.2	14.9	4.7	0	0	0	2.1	LAB	CON
230	337	Ceredigion	Ben Lake	52889	75.2	20.8	17.7	23.9	9.3	4.5	23.9	0	0	0	NAT	LIB
231	337	Warwick and Leamington	Matt Western	74237	72.8	35.7	32.7	18.5	6.5	4.9	0	0	0	1.6	LAB	CON
232	336	Bury South	Ivan Lewis	73723	69.2	38.8	35.7	10.4	9.4	4	0	0	0	1.6	LAB	CON
233	335	Stockton South	Paul Williams	75619	71.2	40.6	37.4	11.2	10.8	0	0	0	0	0	LAB	CON
234	334	Bedford	Mohammad Yasin	71829	67.5	37.9	34.6	15.4	7.5	4.6	0	0	0	0	LAB	CON
235	333	Bolsover	Dennis Skinner	73429	63.4	37.7	34.2	7.3	14.7	4.3	0	0	0	1.9	LAB	CON
236	332	West Bromwich West	Adrian Bailey	65956	54.7	38.4	34.6	10	12.6	4.4	0	0	0	0	LAB	CON
236	331	Falkirk	Johnny McNally	82240	65.4	26.1	22.2	7.3	0	1.9	42.4	0	0	0	NAT	NAT
237	331	Peterborough	Fiona Onasanya	71522	66.7	39.5	35.4	10.3	8.8	4.3	0	0	0	1.6	LAB	CON
238	330	Wrexham	Ian Lucas	50422	69.6	37.5	33	8.5	11.2	3.5	6.4	0	0	0	LAB	CON
239	329	Blackpool South	Gordon Marsden	58450	59.8	38.7	34.1	7.1	13.5	4.7	0	0	0	1.8	LAB	CON
239	328	Linlithgow and East Falkirk	Martyn Day	86186	65.1	27.9	23.2	7.5	1	0.2	39.2	0	0	1	NAT	NAT
240	328	Ipswich	Sandy Martin	74799	68.4	38.7	34	13.3	9.4	4.6	0	0	0	0	LAB	CON
241	327	Dagenham and Rainham	Jon Cruddas	70620	64.9	38.8	33.7	9.1	12	4.4	0	0	0	2	LAB	CON
241	326	Kilmarnock and Loudoun	Alan Brown	73327	63.4	26.2	21.1	6.2	0	0	45.5	0	0	1	NAT	NAT
242	326	Rother Valley	Kevin Barron	75230	65.8	38.1	32.9	7.9	14.3	4.9	0	0	0	1.9	LAB	CON
243	325	Bishop Auckland	Helen Goodman	67661	64	40.8	35.5	11.7	12.1	0	0	0	0	0	LAB	CON
243	324	Dunbartonshire East	Jo Swinson	66300	78.1	14.3	8.8	43.5	0	0.1	32.5	0	0	0.7	LIB	LIB
244	324	Penistone and Stocksbridge	Angela Smith	71293	69.8	40.1	34.1	12.2	13.6	0	0	0	0	0	LAB	CON
245	323	Barrow and Furness	John Woodcock	69474	68.5	40.6	34.4	9.4	11.4	4.2	0	0	0	0	LAB	CON
246	322	Bristol North West	Darren Jones	75431	71.7	41.8	35.5	19	0	3.8	0	0	0	0	LAB	CON
247	321	Putney	Justine Greening	65026	72.1	38.9	32.5	24	0	4.6	0	0	0	0	CON	CON
247	320	Dwyfor Meirionnydd	Liz Roberts	44699	67.9	27.3	20.9	0	10.3	0	41.5	0	0	0	NAT	NAT
248	320	Crewe and Nantwich	Laura Smith	78895	69.7	40.3	33.7	8.6	11.8	4	0	0	0	1.7	LAB	CON
249	319	Stoke-on-Trent North	Ruth Smeeth	72368	57.7	40.1	33.2	10	10.7	4.2	0	0	0	1.7	LAB	CON
249	318	Lanark and Hamilton East	Angela Crawley	77313	65.3	32	24.4	7.5	0	0	36.1	0	0	0	NAT	NAT
250	318	Ashfield	Gloria De Piero	78099	64	37.7	30	8.2	16.3	4.9	0	0	0	2.8	LAB	CON
250	317	Dundee East	Stewart Hosie	65854	65.2	26.9	18.3	7.8	0	0	46	0	0	1	NAT	NAT
251	317	Newcastle-under-Lyme	Paul Farrelly	65540	66.9	41.1	31.9	14.1	9.2	3.7	0	0	0	0	LAB	CON
252	316	Broxtowe	Anna Soubry	74017	75	42.5	32.9	0	0	1.5	0	0	22.9	0.2	CON	CON
253	315	Vale of Glamorgan	Alun Cairns	73958	72.6	54.1	44.5	0	0	1.3	0	0	0	0.1	CON	CON
254	314	Cities of London and Westminster	Mark Field	61533	62.8	40.6	30.4	23	0	4.8	0	0	0	1.2	CON	CON
254	313	Bath	Wera Hobhouse	66769	74.3	25.5	15.3	53.6	4.2	0	0	0	0	1.3	LIB	LIB
254	313	Ayrshire North and Arran	Patricia Gibson	73174	64.8	31.1	19.9	6.9	0	0.2	42	0	0	0	NAT	NAT
255	313	Canterbury	Rosie Duffield	78137	72.7	43.7	32.2	23.1	0	0	0	0	0	1	LAB	CON
256	312	Wimbledon	Stephen Hammond	66771	77.2	40.4	28.6	29.9	0	0	0	0	0	1.1	CON	CON
257	311	Chipping Barnet	Theresa Villiers	77020	72	43.5	31.5	19.7	0	4.2	0	0	0	1.1	CON	CON
257	310	Edinburgh West	Christine Jardine	71500	73.8	21.6	9.3	37.9	0	0.1	31	0	0	0	LIB	LIB
258	310	Finchley and Golders Green	Mike Freer	73138	71.6	42.7	29.9	27.5	0	0	0	0	0	0	CON	CON
258	309	Edinburgh South West	Joanna Cherry	71178	69.4	32.2	18.9	8.3	1	0.2	38.4	0	0	1	NAT	NAT
258	309	Caithness Sutherland and Easter Ross	Jamie Stone	46868	65.9	21.6	7.7	38.8	0.7	0	31.1	0	0	0	LIB	LIB
259	309	Harrow East	Bob Blackman	71757	70.9	48.9	34.5	16.6	0	0	0	0	0	0	CON	CON
260	308	Hendon	Matthew Offord	76329	68.4	46.3	31.9	18.2	0	3.5	0	0	0	0	CON	CON
260	307	Ayrshire Central	Philippa Whitford	68997	65.3	34.2	18.6	6.9	0	0	40.3	0	0	0	NAT	NAT
261	307	Pudsey	Stuart Andrew	72622	74.3	50.5	34.8	11.5	0	2.3	0	0	0	1	CON	CON
262	306	Chingford and Woodford Green	Iain Duncan Smith	66078	71.1	49.2	33.5	17.3	0	0	0	0	0	0	CON	CON
262	305	Kingston and Surbiton	Ed Davey	81584	76.2	29.7	13.6	45.8	5.5	3.8	0	0	0	1.6	LIB	LIB
262	305	Twickenham	Vince Cable	83362	79.5	27.6	11.5	56.5	4.3	0	0	0	0	0	LIB	LIB
263	305	Milton Keynes North	Mark Lancaster	89272	71.5	48.6	32.4	15.7	0	3.3	0	0	0	0	CON	CON
263	304	Ross Skye and Lochaber	Ian Blackford	53638	71.7	23.7	7.4	23.6	0.7	0	42.2	0	0	2.4	NAT	NAT
264	304	Aberconwy	Guto Bebb	45251	71	46.9	30.3	8.9	0	0	14	0	0	0	CON	CON
265	303	Watford	Richard Harrington	86507	67.8	47.6	30.6	20.8	0	0	0	0	0	1	CON	CON
266	302	Chelsea and Fulham	Greg Hands	63728	66.1	45.2	28.1	25.6	0	0	0	0	0	1	CON	CON
267	301	Calder Valley	Craig Whittaker	79045	73.4	51.8	34.7	12.5	0	0	0	0	0	0.9	CON	CON
268	300	Pendle	Andrew Stephenson	64963	69	54.1	36.6	6.5	0	2.2	0	0	0	0.6	CON	CON
268	299	Fife North East	Stephen Gethins	58685	71.3	23.7	6.2	35.6	0	0	34.6	0	0	0	NAT	LIB
269	299	Hastings and Rye	Amber Rudd	78298	69.9	50.7	33.1	15	0	0	0	0	0	1.1	CON	CON
270	298	Reading West	Alok Sharma	74518	69.5	48.9	31.4	16.6	0	3.1	0	0	0	0	CON	CON
270	297	Oxford West and Abingdon	Layla Moran	79289	75.7	31.8	14.2	48.3	5.7	0	0	0	0	0	LIB	LIB
271	297	Milton Keynes South	Iain Stewart	92494	69.7	49.8	32.1	14	0	3.2	0	0	0	0.9	CON	CON
272	296	Swindon South	Robert Buckland	72391	70.8	50.4	32.6	16.9	0	0	0	0	0	0	CON	CON
273	295	Norwich North	Chloe Smith	66924	68.6	50.2	32.2	14.6	0	3	0	0	0	0	CON	CON
274	294	Preseli Pembrokeshire	Stephen Crabb	58540	72.1	49	31	8.1	0	0	11.8	0	0	0	CON	CON
275	293	Southampton Itchen	Royston Smith	71716	65.2	50.5	32.5	13.9	0	3	0	0	0	0	CON	CON
275	292	Carshalton and Wallington	Tom Brake	70849	71.6	33.3	15.2	38.1	7.5	4	0	0	0	1.9	LIB	LIB
276	292	Loughborough	Nicky Morgan	79607	68	51.6	33.3	11.1	0	3.3	0	0	0	0.6	CON	CON
277	291	Wycombe	Steve Baker	77089	69.4	48.8	29.6	17	0	3.6	0	0	0	1	CON	CON
278	290	Truro and Falmouth	Sarah Newton	74691	75.8	44.9	25.5	25.4	0	3.1	0	0	0	1.1	CON	CON
278	289	Inverness Nairn Badenoch and Strathspey	Drew Hendry	76844	68.7	29.9	10.2	16.5	1.1	0.2	42.2	0	0	0	NAT	NAT
279	289	Rushcliffe	Kenneth Clarke	74740	78	51.6	31.9	15.7	0	0	0	0	0	0.8	CON	CON
280	288	Crawley	Henry Smith	73424	68.5	52.4	32.6	12.8	0	2.1	0	0	0	0	CON	CON
281	287	Altrincham and Sale West	Graham Brady	73220	72.1	49.7	29.9	16	0	3.6	0	0	0	0.9	CON	CON
282	286	Filton and Bradley Stoke	Jack Lopresti	72569	69.9	48.8	28.8	18	0	3.5	0	0	0	1	CON	CON
283	285	Shipley	Philip Davies	73133	73	52.7	32.5	11.4	0	2.5	0	0	0	0.9	CON	CON
284	284	Worcester	Robin Walker	72815	70.6	50.7	30.3	14.8	0	3.2	0	0	0	0.9	CON	CON
285	283	Camborne and Redruth	George Eustice	67462	71.8	49.6	29.2	17	0	3.1	0	0	0	1	CON	CON
286	282	Colchester	Will Quince	79996	66.9	45.1	24.5	27.2	0	3.3	0	0	0	0	CON	CON
287	281	Renfrewshire East	Paul Masterton	70067	76.7	39.8	19.2	6.6	0	0	34.4	0	0	0	CON	CON
288	280	Northampton North	Michael Ellis	58183	69.4	54.4	33.5	9.4	0	2.8	0	0	0	0	CON	CON
289	279	Northampton South	Andrew Lewer	60993	67.3	54.5	33.5	9.1	0	2.9	0	0	0	0	CON	CON
290	278	York Outer	Julian Sturdy	75856	75.7	50.8	29.7	18.6	0	0	0	0	0	0.9	CON	CON
291	277	Telford	Lucy Allan	68164	65.6	53.9	32.7	13.4	0	0	0	0	0	0	CON	CON
292	276	Clwyd West	David Jones	58263	69.8	49.9	28.3	8.2	0	0	13.6	0	0	0	CON	CON
293	275	Bolton West	Chris Green	72797	70.1	54.8	33.2	10.1	0	1.9	0	0	0	0	CON	CON
294	274	St Albans	Anne Main	72811	78.3	39.8	18.2	38	0	3	0	0	0	1	CON	CON
295	273	Southport	Damien Moore	69400	69.1	47.1	25.3	27.6	0	0	0	0	0	0	CON	CON
296	272	Stoke-on-Trent South	Jack Brereton	66046	63.1	54.7	32.8	12.5	0	0	0	0	0	0	CON	CON
297	271	Stevenage	Stephen McPartland	70765	69.7	52.2	30.3	14.6	0	3	0	0	0	0	CON	CON
298	270	Carmarthen West and Pembrokeshire South	Simon Hart	58548	72.1	50.6	28.6	7.5	0	0	13.2	0	0	0	CON	CON
299	269	Hitchin and Harpenden	Bim Afolami	75916	77.4	47.5	25.4	25.8	0	0	0	0	0	1.2	CON	CON
299	268	Westmorland and Lonsdale	Tim Farron	66391	77.9	35.3	13.1	43.1	8.4	0	0	0	0	0	LIB	LIB
299	268	Stirling	Stephen Kerr	66415	74.3	37.1	14.7	8.3	0	0.2	39.8	0	0	0	CON	NAT
300	268	Corby	Tom Pursglove	82439	72.8	56.2	33.7	10.1	0	0	0	0	0	0	CON	CON
301	267	Forest of Dean	Mark Harper	70898	73	60	37.5	0	0	1.9	0	0	0	0.6	CON	CON
302	266	Guildford	Anne Milton	75454	73.6	36.7	14	26.4	0	0	0	0	22	0.9	CON	CON
303	265	Morecambe and Lunesdale	David Morris	66838	68.3	54.9	32.2	9.9	0	2.4	0	0	0	0.6	CON	CON
304	264	Morley and Outwood	Andrea Jenkyns	76495	68.4	55.7	32.6	9.2	0	1.9	0	0	0	0.6	CON	CON
305	263	Rossendale and Darwen	Jake Berry	72495	69.2	55.6	32.3	9.5	0	2.5	0	0	0	0	CON	CON
306	262	Cambridgeshire South	Heidi Allen	85257	76.2	45.5	22.2	32.4	0	0	0	0	0	0	CON	CON
307	261	Middlesbrough South and Cleveland East	Simon Clarke	72336	65.8	56.3	32.9	9.1	0	1.7	0	0	0	0	CON	CON
308	260	Bury St Edmunds	Jo Churchill	87758	70.8	59.9	36.3	0	0	3.2	0	0	0	0.5	CON	CON
309	259	Ayr Carrick and Cumnock	Bill Grant	71241	64.9	40	16.3	6.4	0	0	37.3	0	0	0	CON	CON
310	258	Beaconsfield	Dominic Grieve	77534	72.3	49.8	26.1	0	0	1.6	0	0	22.3	0.3	CON	CON
311	257	Uxbridge and South Ruislip	Boris Johnson	69938	66.8	52.9	29.1	13.8	0	3.3	0	0	0	0.9	CON	CON
312	256	Worthing East and Shoreham	Tim Loughton	75543	70.3	51.5	27.3	16.6	0	3.3	0	0	0	1.3	CON	CON
312	255	Norfolk North	Norman Lamb	69263	75.3	36.1	11.8	44.2	7.9	0	0	0	0	0	LIB	LIB
313	255	Carlisle	John Stevenson	62294	69.1	57.2	32.7	10.1	0	0	0	0	0	0	CON	CON
314	254	Monmouth	David Davies	64909	76.6	51.7	27.1	10.2	0	2.3	8.3	0	0	0.4	CON	CON
315	253	Copeland	Trudy Harrison	61751	69.5	56.8	31.9	9.5	0	1.8	0	0	0	0	CON	CON
315	252	Argyll and Bute	Brendan O'Hara	67230	71.5	32.7	7.9	21.3	0	0	38.1	0	0	0	NAT	NAT
315	252	Richmond Park	Zac Goldsmith	80025	79.1	36.8	11.9	50.3	0	0	0	0	0	1	CON	LIB
316	252	Welwyn Hatfield	Grant Shapps	72888	70.9	51.9	27	17.8	0	3.3	0	0	0	0	CON	CON
317	251	Croydon South	Chris Philp	83518	73.3	51.6	26.7	18.3	0	3.5	0	0	0	0	CON	CON
317	250	Eastbourne	Stephen Lloyd	78754	72.9	36.5	11.5	42.7	7.6	0	0	0	0	1.7	LIB	LIB
318	250	Gloucester	Richard Graham	82963	65.2	53.7	28.6	14.9	0	2.7	0	0	0	0	CON	CON
319	249	Shrewsbury and Atcham	Daniel Kawczynski	79043	73.6	51.6	26.4	18.2	0	2.8	0	0	0	1	CON	CON
320	248	Macclesfield	David Rutley	75228	72.2	53.9	28.3	14.2	0	3.6	0	0	0	0	CON	CON
321	247	Scarborough and Whitby	Robert Goodwill	73593	68.6	57	31.3	10.8	0	0	0	0	0	0.9	CON	CON
322	246	Dudley North	Ian Austin	62043	62.7	57.1	31.1	10.1	0	1.8	0	0	0	0	LAB	CON
323	245	Hertfordshire South West	David Gauke	80293	75.5	41.4	15.3	17.7	0	2.9	0	0	21.8	0.9	CON	CON
324	244	Erewash	Maggie Throup	72991	68.2	57.3	31	8.7	0	2.4	0	0	0	0.6	CON	CON
325	243	Bournemouth East	Tobias Ellwood	74591	65.2	51.8	25.4	18	0	3.7	0	0	0	1.1	CON	CON
326	242	Isle of Wight	Bob Seely	110697	67.3	57.5	30.8	0	0	11.1	0	0	0	0.7	CON	CON
327	241	Cheadle	Mary Robinson	72780	75	45.6	18.9	35.5	0	0	0	0	0	0	CON	CON
328	240	Derbyshire North East	Lee Rowley	72097	69.9	57.4	30.6	9.8	0	2.2	0	0	0	0	CON	CON
329	239	Stafford	Jeremy Lefroy	68445	75.9	54.6	27.7	14.8	0	2.9	0	0	0	0	CON	CON
330	238	Cambridgeshire South East	Lucy Frazer	86121	73.2	48	21.1	29.9	0	0	0	0	0	1	CON	CON
331	237	Bournemouth West	Conor Burns	73195	60.8	52.6	25.6	17.9	0	3.9	0	0	0	0	CON	CON
332	236	Somerset North East	Jacob Rees-Mogg	71350	75.7	52	24.7	18.9	0	3.2	0	0	0	1.2	CON	CON
333	235	Rochford and Southend East	James Duddridge	73501	64.3	55.3	27.9	14.9	0	0	0	0	0	1.9	CON	CON
334	234	Hemel Hempstead	Mike Penning	75011	69.7	54	26.5	16.5	0	3	0	0	0	0	CON	CON
335	233	Kingswood	Chris Skidmore	69426	70.2	54.8	27.2	14.4	0	2.7	0	0	0	0.9	CON	CON
336	232	Hexham	Guy Opperman	61012	75.8	54.6	26.8	15.1	0	3.4	0	0	0	0	CON	CON
337	231	Basingstoke	Maria Miller	81873	68.3	53.5	25.5	17	0	2.9	0	0	0	1	CON	CON
338	230	Blackpool North and Cleveleys	Paul Maynard	63967	64.1	58.7	30.6	8.1	0	2	0	0	0	0.6	CON	CON
339	229	Elmet and Rothwell	Alec Shelbrooke	80291	74.2	56.5	28.4	11.6	0	2.7	0	0	0	0.9	CON	CON
340	228	Banbury	Victoria Prentis	83818	73.4	53.9	25.7	17.1	0	3.3	0	0	0	0	CON	CON
341	227	Swindon North	Justin Tomlinson	80194	68.5	55.6	27.3	14.4	0	2.7	0	0	0	0	CON	CON
342	226	Bromley and Chislehurst	Bob Neill	65113	71.7	53	24.4	17.9	0	3.6	0	0	0	1	CON	CON
343	225	Mansfield	Ben Bradley	77811	64.5	59.9	31.3	8.1	0	0	0	0	0	0.7	CON	CON
344	224	Cannock Chase	Amanda Milling	74540	64.2	63.6	35	0	0	1.4	0	0	0	0	CON	CON
345	223	Ochil and South Perthshire	Luke Graham	76767	70.6	41.3	12.5	7.8	0	0	38.4	0	0	0	CON	CON
346	222	Sherwood	Mark Spencer	76196	70	58.8	30	8.5	0	2.1	0	0	0	0.5	CON	CON
347	221	Rugby	Mark Pawsey	72175	71.1	55.3	26.4	15.7	0	2.7	0	0	0	0	CON	CON
348	220	Nuneaton	Marcus Jones	69201	66.6	57.3	28.4	11.9	0	2.4	0	0	0	0	CON	CON
349	219	Aberdeen South	Ross Thomson	64964	68.5	42	13	10.4	0	0	34.6	0	0	0	CON	CON
349	218	Cheltenham	Alex Chalk	78875	72.3	41.2	11.7	46.1	0	0	0	0	0	0.9	CON	LIB
350	218	Wantage	Ed Vaizey	87735	72.5	51.1	21.6	26.3	0	0	0	0	0	1	CON	CON
351	217	Chelmsford	Vicky Ford	81045	70.2	52.4	22.9	23.7	0	0	0	0	0	1	CON	CON
352	216	Dover	Charlie Elphicke	74564	69.7	56.9	27.1	12.7	0	2.4	0	0	0	0.9	CON	CON
353	215	Hazel Grove	William Wragg	62684	70.4	49.2	19.4	31.4	0	0	0	0	0	0	CON	CON
354	214	Dumfries and Galloway	Alister Jack	74206	69.5	43.4	13.6	7.5	0	0	35.5	0	0	0	CON	CON
355	213	Plymouth Moor View	Johnny Mercer	69342	65.5	58	28	11.8	0	2.2	0	0	0	0	CON	CON
356	212	Harborough	Neil O'Brien	78647	73.2	55	25	16.1	0	3.2	0	0	0	0.8	CON	CON
357	211	Woking	Jonathan Lord	76170	72.5	50	20	26.8	0	3.2	0	0	0	0	CON	CON
358	210	Wokingham	John Redwood	79879	74.7	49.5	19.4	26.7	0	3.3	0	0	0	1	CON	CON
359	209	Tunbridge Wells	Greg Clark	75138	72.1	52.7	22.4	23.8	0	0	0	0	0	1.2	CON	CON
360	208	Halesowen and Rowley Regis	James Morris	68856	64.5	58.1	27.6	11.4	0	2	0	0	0	0.8	CON	CON
361	207	Ribble South	Seema Kennedy	75752	72.4	59	28.5	10.5	0	2.1	0	0	0	0	CON	CON
362	206	Somerset North	Liam Fox	80538	77	51.2	20.6	24.5	0	3.7	0	0	0	0	CON	CON
363	205	Walsall North	Eddie Hughes	67309	56.6	59.4	28.8	10.1	0	1.6	0	0	0	0	CON	CON
364	204	Thanet South	Craig Mackinlay	72342	68.8	57.6	26.8	13.2	0	2.4	0	0	0	0	CON	CON
365	203	Southend West	David Amess	67677	69.7	56	25.1	17.7	0	0	0	0	0	1.2	CON	CON
366	202	Redditch	Rachel Maclean	64334	70.3	57.6	26.6	13.5	0	2.3	0	0	0	0	CON	CON
367	201	Aylesbury	David Lidington	82546	71.2	54.3	23.2	19.3	0	3.2	0	0	0	0	CON	CON
368	200	Ruislip, Northwood and Pinner	Nick Hurd	73425	72.7	54	22.8	18.6	0	3.5	0	0	0	1.1	CON	CON
369	199	St Ives	Derek Thomas	67462	75.9	44	12.6	40.2	0	2.1	0	0	0	1	CON	CON
370	198	Totnes	Sarah Wollaston	68913	72.9	53.1	21.6	24.2	0	0	0	0	0	1	CON	CON
371	197	Burton	Andrew Griffiths	73954	67.5	58.8	27.2	11.7	0	2.3	0	0	0	0	CON	CON
372	196	Weston-Super-Mare	John Penrose	82160	68.7	54.8	23.2	19.2	0	2.8	0	0	0	0	CON	CON
373	195	Huntingdon	Jonathan Djanogly	84320	70.8	54.3	22.7	18.9	0	3.1	0	0	0	1	CON	CON
374	194	Devon East	Hugo Swire	82382	73.3	41.7	10.2	14.1	0	2.3	0	0	26.6	5.1	CON	CON
375	193	Derbyshire Mid	Pauline Latham	67466	74.7	58.6	27	11.5	0	2.9	0	0	0	0	CON	CON
376	192	Brecon and Radnorshire	Chris Davies	56010	73.8	52.2	20.5	26.7	0	0	0	0	0	0.6	CON	CON
377	191	Wrekin, The	Mark Pritchard	68642	72.1	57.6	26	13.9	0	2.5	0	0	0	0	CON	CON
378	190	Beckenham	Bob Stewart	67928	76	54.2	22.4	19.8	0	3.6	0	0	0	0	CON	CON
379	189	St Austell and Newquay	Steve Double	78618	69	51.9	20.1	24.8	0	2.1	0	0	0	1	CON	CON
380	188	Gillingham and Rainham	Rehman Chishti	72093	67.8	57.8	25.9	12.9	0	2.5	0	0	0	1	CON	CON
381	187	Norfolk South	Richard Bacon	83056	73.6	54.4	22.5	19.9	0	3.2	0	0	0	0	CON	CON
382	186	Sutton and Cheam	Paul Scully	70404	73.8	48.3	16.3	32.6	0	2.8	0	0	0	0	CON	CON
383	185	Harlow	Robert Halfon	67697	66.2	59.7	27.7	12.6	0	0	0	0	0	0	CON	CON
384	184	Stourbridge	Margot James	70215	67.1	58.7	26.6	11.9	0	2.1	0	0	0	0.8	CON	CON
385	183	Devon Central	Mel Stride	74370	77.8	52.8	20.6	23.2	0	3.5	0	0	0	0	CON	CON
386	182	Waveney	Peter Aldous	80784	65.2	58.2	25.9	12.2	0	2.8	0	0	0	1	CON	CON
387	181	Dorset South	Richard Drax	72323	71.8	56.2	23.8	15.4	0	3.7	0	0	0	0.9	CON	CON
388	180	Winchester	Steve Brine	72497	78.8	44.4	12	42.6	0	0	0	0	0	1	CON	CON
389	179	Congleton	Fiona Bruce	76694	73.3	58.1	25.6	12.9	0	2.8	0	0	0	0.7	CON	CON
390	178	Hertfordshire North East	Oliver Heald	75967	73.2	54.1	21.6	19.6	0	4.7	0	0	0	0	CON	CON
391	177	Worthing West	Peter Bottomley	77777	70.1	55.7	23.1	16.8	0	3.3	0	0	0	1	CON	CON
392	176	Eddisbury	Antoinette Sandbach	70272	73	58.6	25.9	12.7	0	2.7	0	0	0	0	CON	CON
393	175	Amber Valley	Nigel Mills	68065	67.3	60.9	28.2	8.7	0	2.2	0	0	0	0	CON	CON
394	174	Kettering	Philip Hollobone	71523	69.1	60	27.3	9.3	0	2.8	0	0	0	0.5	CON	CON
395	173	Romsey and Southampton North	Caroline Nokes	67186	74.7	50.3	17.6	32.1	0	0	0	0	0	0	CON	CON
396	172	Gordon	Colin Clark	78531	68.4	40.2	7.4	14.5	0	0	37.9	0	0	0	CON	CON
397	171	Aldershot	Leo Docherty	76205	64.2	55.9	22.7	18.1	0	3.2	0	0	0	0	CON	CON
398	170	Tatton	Esther McVey	67874	72.4	57	23.7	16	0	3.4	0	0	0	0	CON	CON
399	169	Chippenham	Michelle Donelan	76432	74.8	49.9	16.4	33.7	0	0	0	0	0	0	CON	CON
400	168	Wyre and Preston North	Ben Wallace	72319	72.8	59.4	25.9	11.5	0	2.6	0	0	0	0.6	CON	CON
401	167	Bedfordshire South West	Andrew Selous	79670	69.8	57.7	24.2	15.3	0	2.7	0	0	0	0	CON	CON
402	166	Hertford and Stortford	Mark Prisk	82429	72.8	54.7	21.1	19.6	0	3.6	0	0	0	1	CON	CON
403	165	Sussex Mid	Nicholas Soames	83747	73.6	52.5	18.9	24.2	0	3.3	0	0	0	1.1	CON	CON
404	164	Lewes	Maria Caulfield	70947	76.4	44.2	10.6	42.2	0	2.1	0	0	0	1	CON	CON
405	163	Witney	Robert Courts	82727	73.6	52.4	18.8	28.8	0	0	0	0	0	0	CON	CON
406	162	Esher and Walton	Dominic Raab	80938	73.9	51.7	18	29.2	0	0	0	0	0	1.1	CON	CON
407	161	Berwick-upon-Tweed	Anne-Marie Trevelyan	58774	71.8	54.2	20.4	22.6	0	2.8	0	0	0	0	CON	CON
408	160	Derbyshire South	Heather Wheeler	76341	68.9	60.6	26.8	10.1	0	2.5	0	0	0	0	CON	CON
409	159	Suffolk Coastal	Therese Coffey	79366	73.2	55.6	21.8	18	0	3.4	0	0	0	1.2	CON	CON
410	158	Thurrock	Jackie Doyle-Price	78153	64.4	60.8	26.9	9.8	0	1.7	0	0	0	0.7	CON	CON
411	157	Sutton Coldfield	Andrew Mitchell	75652	69.9	56.9	22.9	17.3	0	2.8	0	0	0	0	CON	CON
412	156	Portsmouth North	Penny Mordaunt	71374	66.1	58.3	24.2	14	0	2.7	0	0	0	0.9	CON	CON
413	155	Warwickshire North	Craig Tracey	72277	65.3	59.9	25.8	12	0	2.3	0	0	0	0	CON	CON
414	154	Rochester and Strood	Kelly Tolhurst	82702	65	59.3	25.1	12	0	2.6	0	0	0	0.9	CON	CON
415	153	Gravesham	Adam Holloway	72948	67.2	59.8	25.6	12.1	0	2.4	0	0	0	0	CON	CON
416	152	Reigate	Crispin Blunt	74628	72.1	53.8	19.5	22.2	0	4.4	0	0	0	0	CON	CON
417	151	Derbyshire Dales	Patrick McLoughlin	64418	77	59	24.6	13.6	0	2.9	0	0	0	0	CON	CON
418	150	Eastleigh	Mims Davies	81213	70.5	50.3	15.8	31.3	0	2.5	0	0	0	0	CON	CON
419	149	Epsom and Ewell	Chris Grayling	80029	74.1	53.8	19.2	22.6	0	3.4	0	0	0	1	CON	CON
420	148	Montgomeryshire	Glyn Davies	50755	68.7	55.4	20.8	23.2	0	0	0	0	0	0.6	CON	CON
421	147	Harrogate and Knaresborough	Andrew Jones	77265	73.4	53.8	19	26.3	0	0	0	0	0	1	CON	CON
421	146	Perth and North Perthshire	Pete Wishart	71743	71.8	41.3	6.5	7.6	0.6	0	44	0	0	0	NAT	NAT
422	146	Bracknell	Phillip Lee	79199	70.6	56.8	22	17.6	0	2.5	0	0	0	1.1	CON	CON
423	145	Poole	Robert Syms	73811	67.5	56	21.1	18.6	0	3.1	0	0	0	1.1	CON	CON
424	144	Ribble Valley	Nigel Evans	77968	70.8	60	24.9	11.6	0	2.9	0	0	0	0.6	CON	CON
425	143	Bexleyheath and Crayford	David Evennett	65315	69.2	60.1	24.8	11.8	0	2.4	0	0	0	0.9	CON	CON
426	142	Fylde	Mark Menzies	65937	70.5	60	24.7	11.5	0	3.1	0	0	0	0.7	CON	CON
427	141	Leicestershire North West	Andrew Bridgen	75362	71	60.7	25.3	10.9	0	2.6	0	0	0	0.6	CON	CON
428	140	Broadland	Keith Simpson	77334	72.4	56.6	21.1	18.5	0	2.7	0	0	0	1	CON	CON
429	139	Salisbury	John Glen	72892	73.1	54.6	19.1	22.1	0	3.1	0	0	0	1.1	CON	CON
430	138	Beverley and Holderness	Graham Stuart	80657	69	60.5	24.9	11.2	0	2.5	0	0	0	0.9	CON	CON
431	137	Harwich and North Essex	Bernard Jenkin	71294	71.7	57.7	22.1	16.3	0	2.9	0	0	0	1	CON	CON
432	136	Kenilworth and Southam	Jeremy Wright	66323	77.4	54.8	19.1	22.3	0	3	0	0	0	0.9	CON	CON
433	135	Thanet North	Roger Gale	72657	66.5	59.9	24	13.6	0	2.4	0	0	0	0	CON	CON
434	134	Chatham and Aylesford	Tracey Crouch	70419	63.7	60.3	24.4	12	0	2.4	0	0	0	0.9	CON	CON
435	133	Wells	James Heappey	82449	73.8	48.1	12.2	38.6	0	0	0	0	0	1	CON	CON
436	132	Buckingham	John Bercow	79616	66.2	50.4	14.3	21.8	10.2	0	0	0	0	3.3	CON	CON
437	131	Bedfordshire Mid	Nadine Dorries	83800	75.4	57	20.9	17.5	0	3.4	0	0	0	1.1	CON	CON
438	130	Wellingborough	Peter Bone	79258	67.2	62.2	26	9.2	0	2.7	0	0	0	0	CON	CON
439	129	Henley	John Howell	74987	76.1	53.1	16.8	26.3	0	3.8	0	0	0	0	CON	CON
440	128	Devon North	Peter Heaton-Jones	75784	73.5	48.3	11.9	36.3	0	2.4	0	0	0	1	CON	CON
441	127	Bromsgrove	Sajid Javid	73571	73.5	58.6	22.2	16.5	0	2.7	0	0	0	0	CON	CON
442	126	Selby and Ainsty	Nigel Adams	75765	74	61.9	25.5	10.2	0	1.8	0	0	0	0.6	CON	CON
443	125	Taunton Deane	Rebecca Pow	85466	73.8	51	14.6	33.4	0	0	0	0	0	1	CON	CON
444	124	Angus	Kirstene Hair	63840	63	44.7	8.2	6.4	0	0	40.7	0	0	0	CON	CON
445	123	Cornwall South East	Sheryll Murray	71896	74	53.7	17.2	25.1	0	3	0	0	0	1	CON	CON
446	122	Suffolk Central and Ipswich North	Dan Poulter	78116	72.4	58.5	21.9	16.3	0	3.3	0	0	0	0	CON	CON
447	121	Haltemprice and Howden	David Davis	71520	71.9	60.4	23.9	12.2	0	2.7	0	0	0	0.9	CON	CON
448	120	Great Yarmouth	Brandon Lewis	71408	61.8	61.4	24.8	10.9	0	2.1	0	0	0	0.8	CON	CON
449	119	Dorset West	Oliver Letwin	79043	75.4	51.6	15	30.5	0	2.9	0	0	0	0	CON	CON
450	118	Newton Abbot	Anne Marie Morris	71722	72	53.3	16.6	26.5	0	2.7	0	0	0	1	CON	CON
451	117	Staffordshire Moorlands	Karen Bradley	66009	67.6	60.1	23.5	14.3	0	2.2	0	0	0	0	CON	CON
452	116	Devon South West	Gary Streeter	71262	74.2	58.3	21.6	17.1	0	2.9	0	0	0	0	CON	CON
453	115	Cambridgeshire North West	Shailesh Vara	93223	68.6	59.2	22.5	15.5	0	2.9	0	0	0	0	CON	CON
454	114	Dudley South	Mike Wood	61323	62.4	61.8	25	11.2	0	1.9	0	0	0	0	CON	CON
455	113	Runnymede and Weybridge	Philip Hammond	74887	68.9	56.7	19.9	18.7	0	3.6	0	0	0	1	CON	CON
456	112	Surrey South West	Jeremy Hunt	78042	77.4	53.5	16.6	29.9	0	0	0	0	0	0	CON	CON
457	111	Shropshire North	Owen Paterson	80535	69	58.8	22	15.3	0	3.1	0	0	0	0.8	CON	CON
458	110	Thornbury and Yate	Luke Hall	67927	74.6	49.2	12.3	38.5	0	0	0	0	0	0	CON	CON
459	109	Folkestone and Hythe	Damian Collins	84090	70	57.8	20.9	16.4	0	3.8	0	0	0	1.1	CON	CON
460	108	Tamworth	Christopher Pincher	71319	66.1	60.8	23.7	12.9	0	1.8	0	0	0	0.8	CON	CON
461	107	Norfolk Mid	George Freeman	80026	69.6	60	22.8	16.2	0	0	0	0	0	0.9	CON	CON
462	106	Suffolk South	James Cartlidge	75967	71.4	58	20.8	18	0	3.2	0	0	0	0	CON	CON
463	105	Dartford	Gareth Johnson	78506	69.1	61.1	23.8	12.7	0	2.4	0	0	0	0	CON	CON
464	104	Bedfordshire North East	Alistair Burt	86988	73.8	58.4	21.1	16.7	0	2.9	0	0	0	1	CON	CON
465	103	Somerton and Frome	David Warburton	84435	75.3	52.2	14.8	29.7	0	3.3	0	0	0	0	CON	CON
466	102	Wiltshire South West	Andrew Murrison	76898	71.2	57.5	20.1	19.2	0	3.2	0	0	0	0	CON	CON
467	101	Bridgwater and West Somerset	Ian Liddell-Grainger	89294	65.3	58	20.5	17.8	0	2.8	0	0	0	1	CON	CON
468	100	Tiverton and Honiton	Neil Parish	80731	71.6	57.6	20.1	18.9	0	3.4	0	0	0	0	CON	CON
469	99	Cleethorpes	Martin Vickers	73047	65.5	63.6	26	8.5	0	2	0	0	0	0	CON	CON
470	98	Ashford	Damian Green	87396	68.5	59.3	21.6	15.1	0	3	0	0	0	0.9	CON	CON
471	97	Wyre Forest	Mark Garnier	77734	65.8	60.8	23.1	13.7	0	2.4	0	0	0	0	CON	CON
472	96	Windsor	Adam Afriyie	73595	73.3	56	18.3	21.3	0	3.5	0	0	0	1	CON	CON
473	95	Chesham and Amersham	Cheryl Gillan	71465	77.3	54.9	17.1	24.5	0	3.6	0	0	0	0	CON	CON
474	94	Solihull	Julian Knight	77784	73	54.7	16.8	25.8	0	2.6	0	0	0	0	CON	CON
475	93	Horsham	Jeremy Quin	82773	74.9	55.1	17.2	23.2	0	3.4	0	0	0	1.1	CON	CON
476	92	Spelthorne	Kwasi Kwarteng	72641	69	59.6	21.7	15.9	0	2.8	0	0	0	0	CON	CON
477	91	Maidstone and The Weald	Helen Grant	75334	68.6	55	17	24.2	0	2.8	0	0	0	1	CON	CON
478	90	Devon West and Torridge	Geoffrey Cox	80527	73.9	55	16.9	23.8	0	3.1	0	0	0	1.2	CON	CON
479	89	Hertsmere	Oliver Dowden	73554	71	57.6	19.3	20.1	0	3	0	0	0	0	CON	CON
480	88	Charnwood	Edward Argar	78071	70.7	62.5	24.1	11	0	2.4	0	0	0	0	CON	CON
481	87	Hereford and South Herefordshire	Jesse Norman	71088	71	57.9	19.4	19.4	0	3.3	0	0	0	0	CON	CON
482	86	Skipton and Ripon	Julian Smith	78108	74.4	61.2	22.6	10.5	0	4.9	0	0	0	0.9	CON	CON
483	85	Chichester	Gillian Keegan	84996	70.5	56.3	17.7	21.6	0	3.5	0	0	0	1	CON	CON
484	84	Cornwall North	Scott Mann	68850	74	51	12.3	35.6	0	0	0	0	0	1.1	CON	CON
485	83	Dumfriesshire, Clydesdale and Tweeddale	David Mundell	67672	72.4	49.1	10.3	7.9	0	0	32.7	0	0	0	CON	CON
486	82	Sittingbourne and Sheppey	Gordon Henderson	81715	62.9	61.1	22.4	12.6	0	2.4	0	0	0	1.5	CON	CON
487	81	Norfolk North West	Henry Bellingham	72062	67.7	61.9	22.6	13.1	0	2.4	0	0	0	0	CON	CON
488	80	Tewkesbury	Laurence Robertson	81442	72.5	56.4	17.1	23.4	0	3.1	0	0	0	0	CON	CON
489	79	Bosworth	David Tredinnick	80633	69.7	59.4	19.9	18	0	2.7	0	0	0	0	CON	CON
490	78	Northamptonshire South	Andrea Leadsom	85756	75.8	61.8	22.3	12.2	0	3.1	0	0	0	0.7	CON	CON
491	77	Stratford-on-Avon	Nadhim Zahawi	72609	72.3	56.8	17.3	23	0	2.9	0	0	0	0	CON	CON
492	76	Lichfield	Michael Fabricant	74430	71.9	60.1	20.6	15.6	0	2.8	0	0	0	0.9	CON	CON
493	75	Gainsborough	Edward Leigh	75893	67.8	62.9	23.3	13.2	0	0	0	0	0	0.7	CON	CON
494	74	Worcestershire West	Harriett Baldwin	74385	75.9	57.6	18	21.3	0	3.1	0	0	0	0	CON	CON
495	73	Cotswolds, The	Geoffrey Clifton-Brown	80446	74.2	54.9	15.3	26.6	0	3.2	0	0	0	0	CON	CON
496	72	Torbay	Kevin Foster	75936	67.4	54.2	14.5	27.8	0	2.4	0	0	0	1	CON	CON
497	71	Arundel and South Downs	Nick Herbert	80766	74.6	57.4	17.7	20.2	0	3.7	0	0	0	1	CON	CON
498	70	Maidenhead	Theresa May	76276	76.4	56.8	17	23.2	0	3	0	0	0	0	CON	CON
499	69	Faversham and Kent Mid	Helen Whately	76008	65.5	59.8	19.7	16.3	0	3.3	0	0	0	0.9	CON	CON
500	68	Newark	Robert Jenrick	75526	72.9	63.5	23.4	11.2	0	1.8	0	0	0	0	CON	CON
501	67	Moray	Douglas Ross	70649	67.4	47.1	7	5.2	0	0	40.7	0	0	0	CON	CON
502	66	Hampshire North West	Kit Malthouse	81430	72.2	58.6	18.5	19.8	0	3	0	0	0	0	CON	CON
503	65	Penrith and The Border	Rory Stewart	65139	71.3	61.7	21.5	13.2	0	2.8	0	0	0	0.8	CON	CON
504	64	Wiltshire North	James Gray	71408	75.2	55.2	14.9	27	0	3	0	0	0	0	CON	CON
505	63	Fareham	Suella Fernandes	79495	71.7	59.5	19.2	18.2	0	3.1	0	0	0	0	CON	CON
506	62	Aberdeenshire West and Kincardine	Andrew Bowie	72477	71.2	47.3	6.9	11.4	0	0	34.4	0	0	0	CON	CON
507	61	Newbury	Richard Benyon	82923	73.4	53.7	13.3	28.9	0	3.1	0	0	0	1	CON	CON
508	60	Surrey Heath	Michael Gove	80537	71.8	57.7	17.2	21.4	0	3.7	0	0	0	0	CON	CON
509	59	Ludlow	Philip Dunne	68034	73.4	58.7	18.2	20.5	0	2.6	0	0	0	0	CON	CON
510	58	Wealden	Nus Ghani	81425	74.3	58.2	17.7	20.5	0	3.5	0	0	0	0	CON	CON
511	57	Leicestershire South	Alberto Costa	78895	71.9	63.5	22.9	11.2	0	2.5	0	0	0	0	CON	CON
512	56	Meriden	Caroline Spelman	81437	67.1	61.1	20.4	15.4	0	3.1	0	0	0	0	CON	CON
513	55	Witham	Priti Patel	69137	71.2	60.6	19.9	15.9	0	3.6	0	0	0	0	CON	CON
514	54	Yorkshire East	Greg Knight	81065	66.6	63.8	23.1	9.8	0	2.5	0	0	0	0.8	CON	CON
515	53	Old Bexley and Sidcup	James Brokenshire	66005	72.8	62.1	21.3	13.1	0	2.6	0	0	0	1	CON	CON
516	52	Brigg and Goole	Andrew Percy	66069	68.2	65.4	24.5	8.2	0	2	0	0	0	0	CON	CON
517	51	Basildon South and East Thurrock	Stephen Metcalfe	73541	64.1	64.4	23.5	11.2	0	0	0	0	0	0.8	CON	CON
518	50	Saffron Walden	Kemi Badenoch	83690	72.8	57.7	16.8	23.2	0	2.3	0	0	0	0	CON	CON
519	49	Basildon and Billericay	John Baron	69149	65	63.1	21.9	12.4	0	1.8	0	0	0	0.8	CON	CON
520	48	Braintree	James Cleverly	75316	69.5	62.7	21.5	15	0	0	0	0	0	0.9	CON	CON
521	47	Hampshire East	Damian Hinds	74148	74.7	56	14.8	24.7	0	3.5	0	0	0	1.1	CON	CON
522	46	Thirsk and Malton	Kevin Hollinrake	78670	71.1	62.4	21.3	12.6	0	2.7	0	0	0	0.9	CON	CON
523	45	Yeovil	Marcus Fysh	82911	71.6	52.7	11.4	32.3	0	2.5	0	0	0	1.1	CON	CON
524	44	Romford	Andrew Rosindell	73516	67.9	63.7	22.4	11.5	0	2.4	0	0	0	0	CON	CON
525	43	Banff and Buchan	David Duguid	67601	61.6	47.3	5.9	5.9	0	0	40.8	0	0	0	CON	CON
526	42	Havant	Alan Mak	72464	63.9	61.1	19.6	15.2	0	3	0	0	0	1.2	CON	CON
527	41	Tonbridge and Malling	Tom Tugendhat	77234	73.7	59.7	18.1	18.2	0	3.9	0	0	0	0	CON	CON
528	40	Gosport	Caroline Dinenage	73886	67	62	20.4	14.8	0	2.8	0	0	0	0	CON	CON
529	39	Suffolk West	Matt Hancock	76984	67.2	62.5	20.8	14.1	0	2.6	0	0	0	0	CON	CON
530	38	Orpington	Jo Johnson	67906	74.3	60.6	18.8	17.5	0	3	0	0	0	0	CON	CON
531	37	Mole Valley	Paul Beresford	74545	76.1	54.8	12.9	28	0	3.2	0	0	0	1	CON	CON
532	36	Stone	Bill Cash	67824	73.8	62	20.1	15.6	0	2.3	0	0	0	0	CON	CON
533	35	Devizes	Claire Perry	72184	70.1	59.4	17.2	19.7	0	3.7	0	0	0	0	CON	CON
534	34	Bexhill and Battle	Huw Merriman	78512	75.7	61	18.7	17.5	0	2.8	0	0	0	0	CON	CON
535	33	Broxbourne	Charles Walker	73502	64.6	63.7	21.3	12.6	0	2.4	0	0	0	0	CON	CON
536	32	Hampshire North East	Ranil Jayawardena	75476	76.4	57.3	14.8	23.6	0	3.2	0	0	0	1	CON	CON
537	31	Dorset Mid and Poole North	Michael Tomlinson	65054	74.2	54.5	11.9	31.6	0	2	0	0	0	0	CON	CON
538	30	Surrey East	Sam Gyimah	82004	72.2	58.8	16.2	20.3	0	3	0	0	0	1.6	CON	CON
539	29	Herefordshire North	Bill Wiggin	67751	74.1	58.7	15.9	21.2	0	4.2	0	0	0	0	CON	CON
540	28	New Forest East	Julian Lewis	72602	70.8	58.9	15.9	21.3	0	3	0	0	0	1	CON	CON
541	27	Rutland and Melton	Alan Duncan	78463	73.4	62.6	19.5	13.8	0	3.4	0	0	0	0.7	CON	CON
542	26	Epping Forest	Eleanor Laing	74737	67.9	61.8	18.7	15.5	0	3.1	0	0	0	0.9	CON	CON
543	25	Richmond	Rishi Sunak	80920	70.5	63.1	19.9	12.2	0	3.7	0	0	0	1	CON	CON
544	24	Sevenoaks	Michael Fallon	71061	72.1	60.2	16.9	18.5	0	3.4	0	0	0	1	CON	CON
545	23	Grantham and Stamford	Nick Boles	81762	69.2	64.8	21.4	11.3	0	2.4	0	0	0	0	CON	CON
546	22	Bognor Regis and Littlehampton	Nick Gibb	75827	67.7	62.3	18.8	14.8	0	2.7	0	0	0	1.4	CON	CON
547	21	Dorset North	Simon Hoare	76385	73	59.3	15.3	22.3	0	3.1	0	0	0	0	CON	CON
548	20	Daventry	Chris Heaton-Harris	75335	73.9	64.6	20.5	12.2	0	2.7	0	0	0	0	CON	CON
549	19	Aldridge-Brownhills	Wendy Morton	60363	66.7	64.6	20.4	12.3	0	1.7	0	0	0	0.9	CON	CON
550	18	Meon Valley	George Hollingbery	74246	73	59.9	15.5	21.7	0	2.9	0	0	0	0	CON	CON
551	17	Norfolk South West	Elizabeth Truss	77874	67.3	64.8	19.9	12.7	0	1.8	0	0	0	0.8	CON	CON
552	16	Hornchurch and Upminster	Julia Dockerill	80821	69.4	65.3	20.2	11.2	0	2.4	0	0	0	0.8	CON	CON
553	15	Worcestershire Mid	Nigel Huddleston	76065	72.4	62.9	17.4	16.1	0	2.8	0	0	0	0.8	CON	CON
554	14	New Forest West	Desmond Swayne	68787	72.1	61.6	16.1	19.2	0	3.1	0	0	0	0	CON	CON
555	13	Sleaford and North Hykeham	Caroline Johnson	90925	72.4	66.6	20.4	10.2	0	2.1	0	0	0	0.7	CON	CON
556	12	Louth and Horncastle	Victoria Atkins	79006	66.8	68.6	21	9.7	0	0	0	0	0	0.6	CON	CON
557	11	Cambridgeshire North East	Stephen Barclay	84404	63.1	66.3	18.6	12.8	0	2.4	0	0	0	0	CON	CON
558	10	Berwickshire, Roxburgh and Selkirk	John Lamont	73191	71.5	53.2	5.4	7	0	0	34.3	0	0	0	CON	CON
559	9	Brentwood and Ongar	Alex Burghart	74911	70.6	63.6	15.7	17	0	2.7	0	0	0	1	CON	CON
560	8	Staffordshire South	Gavin Williamson	73453	69.6	66.3	18.3	13.1	0	2.3	0	0	0	0	CON	CON
561	7	Maldon	John Whittingdale	66960	75	65.4	17.1	14.9	0	2.6	0	0	0	0	CON	CON
562	6	Christchurch	Christopher Chope	70329	72	64.2	15.7	17.4	0	2.7	0	0	0	0	CON	CON
563	5	Rayleigh and Wickford	Mark Francois	78556	70.4	67.1	18	12.7	0	2.3	0	0	0	0	CON	CON
564	4	Clacton	Giles Watling	69263	63.7	68.7	18.4	9.9	0	2	0	0	0	1	CON	CON
565	3	Castle Point	Rebecca Harris	69470	64.4	69.7	18.8	11.5	0	0	0	0	0	0	CON	CON
566	2	Boston and Skegness	Matt Warman	68391	62.7	72.7	19.5	7.3	0	0	0	0	0	0.5	CON	CON
567	1	South Holland and The Deepings	John Hayes	76381	65.9	73.1	16.6	7.7	0	2.1	0	0	0	0.5	CON	CON
